Country/Region,01-01-1980,01-01-1981,01-01-1982,01-01-1983,01-01-1984,01-01-1985,01-01-1986,01-01-1987,01-01-1988,01-01-1989,01-01-1990,01-01-1991,01-01-1992,01-01-1993,01-01-1994,01-01-1995,01-01-1996,01-01-1997,01-01-1998,01-01-1999,01-01-2000,01-01-2001,01-01-2002,01-01-2003,01-01-2004,01-01-2005,01-01-2006,01-01-2007,01-01-2008,01-01-2009,01-01-2010,01-01-2011,01-01-2012,01-01-2013,01-01-2014,01-01-2015,01-01-2016,01-01-2017,01-01-2018,01-01-2019,01-01-2020,01-01-2021,01-01-2022,01-01-2023,01-01-2024,01-01-2025,01-01-2026
Afghanistan,0.00,0.00,0.00,0.00,0.00,0.00,0.00,0.00,0.00,0.00,0.00,0.00,0.00,0.00,0.00,0.00,0.00,0.00,0.00,0.00,0.00,0.00,1.19,1.37,1.82,2.28,2.04,4.78,3.11,4.40,4.64,4.72,5.14,4.66,3.60,3.73,3.47,3.49,3.32,3.43,3.14,3.47,3.89,4.07,4.39,4.43,4.93
Albania,0.09,0.99,1.09,1.17,1.21,1.08,1.15,1.19,1.14,1.25,1.11,0.13,0.06,0.28,0.60,0.74,0.58,0.38,0.51,0.63,1.07,1.37,1.53,1.90,2.46,2.97,3.18,3.68,4.30,3.93,3.74,4.32,3.68,3.51,3.61,2.99,3.02,3.22,3.69,3.49,3.46,4.09,4.18,4.54,4.97,5.29,5.63
Algeria,13.80,13.68,13.92,14.89,15.06,16.92,17.18,15.85,12.14,16.04,17.88,14.44,14.65,14.40,13.35,13.28,11.77,11.22,13.18,12.93,12.90,14.69,17.40,20.59,28.38,32.67,35.31,46.53,63.87,64.25,66.79,76.21,81.86,91.01,97.40,84.29,81.26,82.63,82.91,78.68,65.93,74.65,66.00,65.29,63.48,64.12,64.99
Angola,1.06,1.07,1.22,1.05,1.11,1.05,0.99,1.12,0.95,1.10,0.72,1.52,1.98,1.47,1.04,1.41,2.27,1.95,2.29,1.70,3.40,3.33,4.66,5.42,7.28,10.19,12.21,16.79,27.27,30.11,23.63,29.54,34.15,35.74,40.07,39.74,27.52,29.47,21.50,17.60,14.36,14.76,15.43,16.62,18.00,19.46,20.65
Antigua and Barbuda,0.00,0.00,0.00,0.00,0.00,0.00,0.00,0.00,0.00,0.00,0.00,0.00,0.00,0.00,0.00,0.00,0.00,0.00,0.00,0.00,0.00,0.00,0.00,0.00,0.00,0.00,0.00,0.00,0.00,0.00,0.00,0.00,0.00,0.00,0.03,0.06,0.17,0.34,0.60,0.54,0.38,0.43,0.51,0.55,0.62,0.65,0.68
Argentina,47.55,34.54,16.60,19.53,20.81,13.75,16.57,19.08,21.45,11.39,17.94,25.21,34.35,45.75,50.40,47.31,52.95,60.30,62.01,49.32,48.73,40.98,11.21,18.34,28.94,37.64,43.50,57.87,71.16,53.72,75.20,97.08,95.66,105.82,97.30,109.68,98.34,117.27,101.94,77.31,65.41,70.67,80.69,87.73,94.04,99.82,105.80
Armenia,0.00,0.00,0.00,0.00,0.00,0.00,0.00,0.00,0.00,0.00,0.00,0.00,0.01,0.06,0.18,0.27,0.34,0.38,0.43,0.38,0.35,0.34,0.43,0.68,0.82,1.39,2.14,3.51,5.11,2.92,2.72,2.74,2.42,2.46,2.44,2.24,1.90,2.12,2.79,2.39,2.13,2.04,2.24,2.50,2.81,3.16,3.54
Aruba,0.00,0.00,0.00,0.00,0.00,0.00,0.00,0.00,0.00,0.00,0.00,0.00,0.00,0.00,0.00,0.00,0.00,0.00,0.00,0.00,0.00,0.00,0.00,0.00,0.00,0.00,0.00,0.00,0.00,0.00,0.00,0.00,0.00,0.00,0.00,0.00,0.00,0.00,0.00,0.00,0.00,0.00,0.00,0.00,0.00,0.00,0.00
Australia,44.21,54.44,49.57,41.39,52.70,47.50,46.37,56.24,78.16,92.97,85.54,73.83,72.25,73.97,91.42,95.49,105.21,105.52,100.28,108.29,99.86,88.72,107.33,144.79,179.31,205.02,212.22,267.96,299.32,269.58,330.10,406.88,446.75,411.75,385.38,319.57,311.82,336.20,343.02,313.71,303.36,360.52,380.34,401.58,423.59,445.65,468.26
Austria,26.81,20.24,18.23,18.01,18.26,18.45,26.07,32.78,34.28,35.30,44.56,47.05,51.40,48.28,53.41,64.57,62.51,55.85,57.06,56.80,51.17,49.70,50.65,64.00,72.50,75.35,79.40,95.69,105.70,91.40,88.76,104.19,98.22,102.06,104.18,90.94,95.99,103.59,116.30,113.38,107.98,122.47,131.35,138.49,145.52,152.60,159.97
Azerbaijan,0.00,0.00,0.00,0.00,0.00,0.00,0.00,0.00,0.00,0.00,0.00,0.00,0.28,0.30,0.04,0.57,0.92,1.36,1.48,1.21,1.09,1.13,2.15,3.87,5.03,5.51,6.28,7.12,9.16,8.39,9.56,13.37,15.55,19.03,20.70,14.19,9.72,10.09,9.42,9.68,7.42,8.59,8.54,9.34,10.23,11.20,12.45
The Bahamas,0.55,0.57,0.64,0.72,0.77,0.83,0.90,0.79,0.81,1.43,1.37,1.36,1.29,1.06,1.26,1.40,1.62,1.89,2.20,2.21,2.45,2.25,2.12,2.14,2.09,2.71,3.36,3.26,3.06,2.78,2.77,3.02,3.36,3.11,3.65,2.98,3.27,3.33,2.97,3.21,3.14,3.33,3.03,2.91,2.85,2.87,2.92
Bahrain,0.81,0.92,0.96,0.99,1.39,1.02,0.29,0.71,0.54,0.65,0.77,1.26,1.63,1.34,1.59,1.44,1.54,1.75,1.67,1.16,1.50,1.41,2.24,2.63,2.70,4.27,5.62,7.54,8.99,6.00,7.02,6.45,8.65,8.44,8.96,8.26,9.58,11.69,13.18,12.73,11.69,12.73,13.30,13.85,14.71,16.07,17.20
Bangladesh,0.00,4.14,3.93,3.62,3.82,4.21,4.41,4.60,5.02,5.57,6.11,6.30,6.56,6.91,7.54,8.75,9.84,10.58,11.64,12.38,13.10,13.19,13.62,14.87,16.69,18.04,18.78,20.84,24.01,26.86,30.26,35.26,37.67,42.59,49.41,56.37,65.65,76.18,85.37,95.47,91.26,110.16,122.70,135.69,153.08,172.11,187.73
Barbados,0.23,0.29,0.25,0.23,0.20,0.20,0.23,0.25,0.30,0.36,0.35,0.31,0.17,0.23,0.27,0.31,0.33,0.44,0.60,0.64,0.62,0.53,0.61,0.66,0.73,0.81,0.90,0.89,0.88,0.76,0.72,0.79,0.75,0.77,0.78,0.80,0.79,0.78,0.73,0.77,0.75,0.77,0.84,0.91,0.93,0.97,1.03
Belarus,0.00,0.00,0.00,0.00,0.00,0.00,0.00,0.00,0.00,0.00,0.00,0.00,0.00,4.86,5.68,2.67,3.48,3.87,4.16,2.95,2.90,3.20,3.42,4.54,6.78,8.79,12.16,15.78,23.38,18.75,23.26,22.84,23.05,29.29,27.43,16.36,12.63,15.34,16.85,18.78,16.57,15.45,15.88,16.34,17.78,18.42,19.21
Belgium,33.83,23.84,20.05,16.53,16.60,16.60,22.53,29.53,35.73,38.88,50.45,48.54,53.47,49.61,54.22,62.82,60.41,56.43,57.86,58.65,56.34,53.59,53.57,66.67,83.65,91.39,97.86,115.87,134.16,107.04,111.43,128.23,117.61,117.03,123.90,109.25,115.42,122.91,138.86,133.03,129.66,150.81,160.50,168.51,175.00,179.83,185.59
Belize,0.04,0.05,0.04,0.04,0.04,0.04,0.04,0.06,0.08,0.10,0.08,0.11,0.09,0.11,0.09,0.09,0.07,0.08,0.08,0.16,0.27,0.23,0.19,0.20,0.19,0.23,0.24,0.23,0.35,0.22,0.18,0.22,0.21,0.23,0.30,0.38,0.33,0.31,0.28,0.29,0.25,0.25,0.27,0.29,0.30,0.32,0.33
Benin,0.68,0.55,0.43,0.19,0.17,0.12,0.23,0.24,0.32,0.22,0.34,0.36,0.39,0.39,0.30,0.50,0.43,0.47,0.48,0.67,0.56,0.65,0.62,0.81,0.94,0.79,0.91,1.34,1.34,1.45,1.49,1.76,1.70,2.36,2.56,2.36,2.40,3.04,3.76,3.69,4.30,4.81,5.24,5.80,6.26,6.81,7.27
Bhutan,0.04,0.05,0.05,0.06,0.05,0.07,0.07,0.06,0.09,0.08,0.09,0.07,0.10,0.10,0.12,0.13,0.13,0.13,0.14,0.16,0.20,0.27,0.30,0.35,0.41,0.45,0.42,0.39,0.47,0.54,0.78,1.13,1.23,1.02,0.90,1.04,1.14,1.28,1.20,0.95,0.86,1.01,1.11,1.18,1.27,1.35,1.43
Bolivia,0.00,0.55,0.60,0.48,0.74,0.79,0.54,0.56,0.64,0.55,0.61,0.83,0.94,0.95,0.86,1.02,1.20,1.55,2.00,1.55,1.52,1.16,1.29,1.07,0.97,1.36,1.60,2.01,2.95,2.96,3.37,5.00,4.82,5.87,6.99,6.74,7.20,8.40,8.36,8.19,6.52,7.85,8.19,8.33,8.73,9.20,9.96
Bosnia and Herzegovina,0.00,0.00,0.00,0.00,0.00,0.00,0.00,0.00,0.00,0.00,0.00,0.00,0.00,0.00,0.00,0.00,0.00,0.00,1.78,1.57,1.53,1.50,1.88,2.41,2.70,2.88,2.56,3.79,4.94,3.33,2.73,3.41,3.15,3.13,3.42,2.91,3.20,3.81,4.26,4.36,4.25,4.71,4.88,5.09,5.32,5.59,5.85
Botswana,0.49,0.47,0.35,0.33,0.37,0.19,0.38,0.19,1.03,1.32,1.49,1.21,1.25,1.19,1.11,1.28,1.14,1.21,1.83,1.41,1.71,1.65,1.65,2.27,2.82,2.72,2.64,3.37,3.99,4.00,5.30,5.94,6.26,4.39,4.58,4.71,4.23,4.80,5.49,6.11,5.75,6.12,6.10,6.40,6.74,7.24,7.88
Brazil,31.11,35.38,34.58,21.95,20.60,39.80,45.97,58.46,66.60,99.51,84.01,79.59,72.97,90.21,128.81,133.30,146.97,157.01,157.00,104.28,123.90,104.95,88.95,94.10,119.89,153.41,197.34,276.89,366.63,313.74,481.52,570.54,527.73,536.21,504.67,313.42,268.95,301.81,289.36,289.13,220.92,229.26,254.04,279.15,308.55,335.55,362.32
Brunei Darussalam,0.00,0.00,0.00,0.00,0.00,0.00,0.00,0.00,0.00,0.00,0.00,0.00,0.00,0.00,0.00,2.72,3.32,2.89,2.15,1.54,1.23,1.28,1.95,1.55,1.66,1.70,1.92,2.65,3.29,3.12,3.25,4.82,6.26,7.16,4.69,4.56,3.95,4.22,5.57,5.21,4.87,5.03,5.11,5.25,5.44,5.68,6.04
Bulgaria,4.50,5.38,5.24,5.14,5.77,4.54,4.83,4.78,8.53,8.26,3.68,0.24,0.84,0.34,0.10,0.87,0.14,1.10,2.81,2.70,2.52,3.03,3.37,4.67,6.13,8.29,11.02,14.93,20.11,14.85,11.41,12.32,11.88,11.73,12.28,10.66,10.23,11.75,14.09,14.47,13.31,13.77,16.05,18.40,19.82,20.29,21.27
Burkina Faso,0.18,0.23,0.20,0.13,0.14,0.27,0.29,0.31,0.34,0.38,0.45,0.46,0.49,0.49,0.31,0.40,0.49,0.50,0.57,0.59,0.43,0.43,0.49,0.73,0.85,1.08,1.06,1.39,1.96,1.89,2.22,2.67,3.10,3.19,2.69,2.30,2.67,3.39,4.25,4.08,3.93,4.35,4.67,5.03,5.44,5.90,6.35
Burundi,0.42,0.47,0.63,0.69,0.58,0.56,0.58,0.60,0.58,0.57,0.36,0.35,0.37,0.35,0.21,0.21,0.24,0.18,0.18,0.17,0.17,0.18,0.17,0.16,0.18,0.21,0.22,0.20,0.20,0.27,0.32,0.35,0.35,0.38,0.49,0.54,0.53,0.58,0.57,0.57,0.60,0.74,0.79,0.85,0.91,0.97,1.03
Cabo Verde,0.06,0.07,0.07,0.07,0.06,0.07,0.08,0.10,0.10,0.10,0.13,0.12,0.13,0.14,0.18,0.19,0.19,0.19,0.17,0.21,0.17,0.18,0.22,0.25,0.36,0.39,0.43,0.75,0.87,0.74,0.79,0.89,0.65,0.59,0.69,0.62,0.62,0.68,0.72,0.74,0.64,0.77,0.88,0.95,1.04,1.13,1.15
Cambodia,0.00,0.00,0.00,0.00,0.00,0.00,0.02,0.02,0.02,0.03,0.08,0.18,0.28,0.27,0.33,0.50,0.52,0.52,0.37,0.60,0.64,0.75,0.86,1.03,0.95,1.27,1.64,1.83,1.93,2.22,1.95,2.19,2.60,3.05,3.69,4.06,4.55,5.10,5.79,6.39,5.71,6.26,6.84,7.26,7.78,8.40,9.09
Cameroon,1.03,1.56,1.34,1.39,1.46,1.46,1.96,2.17,1.86,1.30,1.43,1.47,1.05,1.23,0.77,0.77,0.94,1.02,0.99,1.03,1.87,2.43,2.55,2.91,4.44,3.67,3.47,3.36,6.86,7.58,7.33,8.21,8.12,9.16,10.26,8.56,9.26,9.84,11.54,11.71,10.61,12.76,13.75,14.91,16.54,18.58,21.05
Canada,61.80,77.72,62.69,69.13,74.77,78.85,82.17,96.06,119.73,133.92,126.99,118.47,109.23,106.98,113.18,117.43,119.36,138.97,133.43,140.32,153.50,145.36,150.05,183.30,219.49,265.59,311.30,351.18,373.81,302.27,379.78,433.11,454.68,459.95,449.11,370.79,347.79,388.40,399.46,400.35,363.19,444.84,491.53,523.27,552.16,582.54,614.86
Central African Republic,0.07,0.07,0.04,0.07,0.06,0.10,0.13,0.17,0.15,0.16,0.23,0.19,0.18,0.14,0.10,0.17,0.06,0.07,0.12,0.12,0.09,0.08,0.10,0.08,0.09,0.13,0.15,0.18,0.25,0.26,0.29,0.28,0.36,0.14,0.31,0.23,0.25,0.28,0.37,0.33,0.44,0.43,0.48,0.54,0.60,0.67,0.73
Chad,0.09,0.10,0.09,0.05,0.05,0.13,0.17,0.20,0.25,0.19,0.22,0.21,0.19,0.07,0.28,0.24,0.29,0.30,0.32,0.31,0.35,0.75,1.46,1.72,1.30,1.38,1.65,1.93,2.27,2.81,3.68,3.46,3.90,3.56,4.26,2.95,1.69,2.09,2.09,2.55,2.73,3.15,3.31,3.59,3.78,4.24,4.16
Chile,0.00,8.41,3.46,2.50,3.19,3.34,3.90,5.32,6.44,8.13,9.04,9.51,12.19,14.36,15.33,21.10,21.68,23.50,22.14,15.68,17.17,15.88,15.57,15.97,19.54,26.83,32.21,36.13,48.14,36.57,50.56,62.10,70.39,71.51,60.58,57.98,55.77,58.90,65.87,64.08,50.16,61.75,65.35,68.82,73.27,77.42,82.07
China,105.95,95.41,90.80,97.29,107.85,121.04,113.38,122.07,159.38,169.78,134.77,145.66,192.68,267.97,226.01,285.26,324.27,341.59,358.26,373.16,406.68,476.04,531.66,657.81,818.26,922.29,1098.37,1437.24,1941.96,2313.91,2833.96,3523.53,3944.04,4440.61,4800.30,4782.48,4788.91,5295.18,6085.04,6176.21,6427.25,7273.69,7861.23,8421.24,8976.66,9546.52,10122.59
Colombia,9.96,11.68,12.42,12.01,11.38,10.47,10.03,11.36,13.50,12.41,11.72,10.45,13.31,18.52,28.18,31.97,29.40,30.44,26.47,15.33,15.71,16.63,17.86,18.69,24.06,31.53,37.11,48.37,57.52,51.12,62.71,77.03,81.94,84.76,91.51,69.77,65.50,67.37,70.82,69.55,51.13,56.62,62.13,68.29,73.53,78.39,83.17
Comoros,0.22,0.19,0.18,0.18,0.06,0.03,0.03,0.04,0.05,0.04,0.05,0.04,0.06,0.06,0.05,0.06,0.06,0.05,0.06,0.06,0.05,0.05,0.06,0.08,0.09,0.10,0.11,0.13,0.18,0.16,0.17,0.16,0.16,0.18,0.17,0.13,0.13,0.15,0.19,0.20,0.22,0.24,0.23,0.25,0.27,0.29,0.31
Democratic Republic of the Congo,0.00,0.00,0.00,0.00,0.00,0.00,0.00,0.00,0.00,22.38,12.19,10.20,14.16,11.28,2.83,3.60,12.50,14.85,11.06,2.68,1.14,0.37,0.46,0.90,1.04,0.77,1.00,1.09,1.05,2.17,6.18,5.48,3.69,5.08,7.75,7.16,4.51,4.55,5.50,6.34,5.15,6.95,8.12,8.84,9.90,10.38,10.89
Republic of Congo,0.63,0.60,0.48,0.58,0.30,0.34,0.50,0.94,1.27,0.99,0.42,0.83,0.95,1.08,1.30,1.15,1.11,0.72,0.83,0.92,1.12,0.92,0.95,1.20,1.36,1.73,2.28,5.36,4.90,5.27,6.21,5.77,7.76,8.45,9.47,9.31,7.49,4.05,3.13,2.79,2.19,2.90,3.18,3.40,3.62,3.77,3.77
Costa Rica,1.24,0.74,0.62,0.68,0.80,0.98,1.08,1.19,1.09,1.34,1.51,1.32,1.75,2.02,2.18,2.26,2.07,2.53,3.10,3.01,3.11,3.21,3.30,3.28,3.52,3.80,4.79,6.26,7.58,5.67,7.47,8.57,9.38,9.98,10.00,10.64,11.12,10.93,11.02,10.35,9.76,10.30,11.31,12.30,13.25,14.18,15.25
Côte d'Ivoire,2.65,2.67,2.39,1.78,1.20,1.44,1.69,1.89,1.94,1.41,1.22,1.26,1.15,0.81,1.01,2.53,2.44,2.72,3.05,2.47,1.81,1.79,1.55,2.46,2.53,2.99,2.53,3.61,4.73,3.91,5.42,2.57,6.62,10.06,11.48,10.76,10.43,10.38,12.31,11.74,13.43,16.13,18.14,19.70,21.91,24.34,27.25
Croatia,0.00,0.00,0.00,0.00,0.00,0.00,0.00,0.00,0.00,0.00,0.00,0.00,2.00,-0.19,2.28,3.77,4.75,6.14,5.48,4.65,4.37,4.94,6.63,9.76,11.19,12.25,14.72,17.46,21.59,15.75,12.65,12.47,10.64,11.28,10.92,10.21,10.85,12.20,14.39,13.77,13.88,15.65,17.31,18.97,20.92,22.51,23.98
Cyprus,1.14,0.99,0.99,0.94,1.11,1.08,1.20,1.39,1.68,2.07,2.20,2.13,2.84,2.31,2.65,2.63,2.42,2.28,1.94,2.06,2.03,1.84,2.32,2.84,3.81,4.18,5.00,5.84,8.05,5.93,6.16,5.18,4.01,3.07,3.12,2.62,3.64,4.59,4.67,4.91,5.58,6.37,6.78,7.03,7.28,7.53,7.82
Czech Republic,0.00,0.00,0.00,0.00,0.00,0.00,0.00,0.00,0.00,0.00,0.00,0.00,0.00,0.00,0.00,20.55,24.33,20.50,20.66,19.44,19.75,21.78,25.16,29.73,35.97,40.53,47.48,61.54,74.30,55.63,57.20,62.42,55.05,52.95,54.45,52.62,51.08,57.66,67.72,67.54,59.44,70.67,76.29,81.70,86.58,91.01,95.16
Denmark,14.31,10.53,11.04,11.14,12.18,13.85,20.95,24.10,24.33,23.97,28.75,27.31,28.96,24.88,29.26,38.27,37.65,38.29,40.10,37.17,36.69,35.97,38.13,45.63,54.53,58.73,68.74,80.74,84.75,61.32,58.20,65.80,63.68,67.66,70.92,62.44,68.18,73.24,82.60,79.51,82.82,91.95,97.69,102.44,107.63,113.05,118.91
Djibouti,0.00,0.00,0.00,0.00,0.00,0.00,0.00,0.00,0.00,0.00,0.00,0.08,0.09,0.09,0.07,0.04,0.04,0.05,0.06,0.05,0.06,0.06,0.08,0.12,0.14,0.16,0.26,0.36,0.45,0.37,0.23,0.30,0.35,1.16,0.06,0.01,0.67,0.68,0.17,0.93,1.01,0.96,1.31,1.38,1.54,1.45,1.65
Dominica,0.00,0.00,0.00,0.00,0.00,0.00,0.00,0.00,0.00,0.00,0.00,0.00,0.00,0.00,0.00,0.00,0.00,0.00,0.00,0.00,0.11,0.09,0.06,0.08,0.10,0.11,0.11,0.13,0.16,0.16,0.15,0.12,0.09,0.08,0.08,0.09,0.12,0.15,0.18,0.14,0.06,0.07,0.06,0.04,0.05,0.05,0.05
Dominican Republic,2.09,2.05,1.80,1.73,2.30,0.98,1.33,1.62,1.50,1.87,1.67,1.65,2.18,2.58,3.08,3.34,3.66,4.42,6.08,6.00,6.78,6.85,7.35,4.18,4.64,8.91,10.23,12.49,14.47,11.39,14.22,14.54,14.76,14.26,15.55,16.70,17.41,18.00,22.09,23.15,19.09,20.70,22.62,24.32,25.60,27.35,29.10
Ecuador,3.40,3.41,3.87,2.18,2.34,3.01,2.39,2.38,2.16,2.05,1.79,2.53,2.66,3.31,3.88,3.96,3.79,4.87,6.02,3.15,3.90,5.47,6.77,6.35,7.39,8.98,10.51,11.58,16.30,16.03,19.50,22.31,24.44,27.08,28.80,26.68,24.96,27.41,28.77,28.01,20.07,21.91,23.07,24.18,25.00,25.75,26.70
Egypt,8.00,8.60,10.32,10.73,11.22,12.14,12.23,19.14,30.79,34.86,26.34,9.75,7.64,7.65,8.60,10.32,11.20,15.03,18.09,18.81,19.48,17.76,17.97,16.45,15.90,19.96,26.08,37.70,48.65,43.42,48.99,42.32,44.68,40.93,41.69,47.45,50.01,36.13,41.68,54.40,50.01,64.49,67.79,75.53,84.21,96.39,114.17
El Salvador,0.00,0.49,0.44,0.38,0.32,0.27,0.28,0.26,0.31,0.41,0.67,0.81,1.09,1.27,1.56,1.87,1.47,1.54,2.04,1.95,2.08,2.18,2.16,2.44,2.49,2.73,3.21,3.54,3.63,2.47,3.08,3.61,3.79,3.74,3.70,3.75,3.86,4.17,5.30,5.16,4.22,4.90,5.24,5.61,5.92,6.27,6.56
Equatorial Guinea,0.01,0.01,0.03,0.02,0.02,0.02,0.03,0.04,0.04,0.04,0.07,0.06,0.06,0.06,0.06,0.13,0.32,0.38,0.48,0.56,0.70,0.88,1.15,1.63,2.08,2.37,2.68,3.87,5.46,5.94,6.21,6.84,9.21,6.65,6.25,3.26,1.88,1.71,2.15,1.46,1.32,1.42,1.40,1.47,1.56,3.32,3.57
Eritrea,0.00,0.00,0.00,0.00,0.00,0.00,0.00,0.00,0.00,0.00,0.00,0.00,0.05,0.12,0.13,0.13,0.19,0.22,0.23,0.31,0.15,0.25,0.17,0.21,0.21,0.22,0.16,0.16,0.17,0.16,0.29,0.27,0.23,0.21,0.19,0.21,0.15,0.16,0.06,0.08,0.15,0.17,0.16,0.17,0.17,0.18,0.19
Estonia,0.00,0.00,0.00,0.00,0.00,0.00,0.00,0.00,0.00,0.00,0.00,0.00,0.00,0.46,0.67,1.03,1.32,1.59,1.80,1.50,1.62,1.85,2.43,3.48,4.21,4.71,6.79,8.99,7.73,4.14,4.24,5.96,6.76,6.83,7.22,5.72,6.04,7.20,8.20,8.72,9.51,10.50,11.63,12.59,13.76,14.90,15.96
Eswatini,0.57,0.47,0.42,0.53,0.40,0.26,0.22,0.26,0.45,0.46,0.46,0.49,0.54,0.51,0.54,0.54,0.52,0.54,0.70,0.50,0.41,0.37,0.31,0.42,0.54,0.55,0.54,0.56,0.52,0.55,0.64,0.62,0.58,0.56,0.56,0.51,0.49,0.57,0.62,0.60,0.51,0.57,0.58,0.59,0.61,0.64,0.70
Ethiopia,1.16,1.16,1.24,1.22,1.57,1.18,1.82,1.83,2.57,1.86,1.74,1.60,1.56,1.50,1.42,0.97,1.54,1.15,1.19,1.14,1.65,1.74,1.79,1.81,2.54,2.77,3.66,4.02,5.58,7.08,6.86,9.79,15.66,15.86,20.57,24.86,26.94,29.54,27.40,32.66,29.71,28.50,26.71,30.39,35.98,40.21,44.20
Fiji,0.37,0.39,0.34,0.28,0.24,0.25,0.23,0.18,0.14,0.17,0.21,0.24,0.21,0.28,0.27,0.29,0.39,0.42,0.51,0.48,0.32,0.29,0.40,0.56,0.57,0.69,0.63,0.58,0.89,0.59,0.64,0.86,0.74,1.25,0.93,0.99,0.95,1.05,1.14,1.10,0.87,0.92,1.03,1.12,1.20,1.28,1.42
Finland,16.77,14.93,15.22,14.49,14.43,15.14,19.18,24.58,31.78,38.09,42.71,30.88,23.84,16.59,20.50,27.25,26.68,27.58,30.82,30.27,30.02,29.96,30.88,38.07,45.06,50.34,52.01,65.43,72.03,54.28,55.04,66.16,60.36,60.52,60.19,50.87,55.94,61.28,69.53,65.01,65.19,71.98,76.74,80.11,83.15,86.01,89.40
France,180.81,145.57,139.94,122.34,113.01,118.02,168.15,208.19,238.30,249.03,310.60,300.59,308.40,258.80,283.76,328.64,315.14,282.94,311.29,319.31,307.24,305.36,319.81,390.69,463.78,493.55,539.27,643.01,707.00,575.55,580.99,665.20,607.62,626.69,648.76,554.04,558.96,607.98,666.50,657.10,616.64,728.90,772.54,793.67,814.51,834.38,855.30
Gabon,1.53,1.71,1.56,1.64,1.46,1.78,2.07,1.34,1.65,1.24,1.46,1.66,1.43,1.35,1.02,1.30,1.28,1.89,1.98,1.26,1.16,1.47,1.70,1.87,2.06,2.36,2.70,3.27,3.55,3.55,3.75,4.34,5.00,5.85,6.54,5.01,4.83,4.76,5.15,5.30,4.65,5.78,5.77,5.95,5.97,6.33,6.70
The Gambia,0.02,0.04,0.04,0.03,0.02,0.03,0.02,0.03,0.02,0.03,0.04,0.04,0.04,0.05,0.04,0.06,0.06,0.07,0.06,0.05,0.05,0.11,0.06,0.08,0.14,0.14,0.16,0.16,0.16,0.19,0.21,0.18,0.26,0.19,0.18,0.18,0.18,0.31,0.29,0.36,0.34,0.46,0.49,0.51,0.54,0.59,0.65
Georgia,0.00,0.00,0.00,0.00,0.00,0.00,0.00,0.00,0.00,0.00,0.00,0.00,0.00,0.00,0.00,0.00,0.64,0.66,1.03,0.78,0.85,0.96,0.91,1.31,1.72,2.26,2.51,3.43,3.49,1.48,2.51,3.35,4.27,3.61,4.48,3.93,4.57,4.43,4.95,5.12,4.28,3.89,4.45,4.75,5.23,5.75,6.17
Germany,256.69,196.10,176.55,183.25,170.95,166.20,237.65,290.24,323.65,333.32,438.12,483.38,539.63,496.13,537.68,629.58,581.11,517.71,538.54,527.38,477.21,446.76,431.52,511.13,558.09,555.02,616.07,732.47,803.12,632.31,682.73,811.02,695.85,748.79,792.41,662.96,692.63,767.40,855.73,825.95,773.95,929.73,1000.04,1044.64,1090.10,1133.40,1177.54
Ghana,0.00,0.00,0.00,2.23,1.24,1.63,1.49,1.75,1.99,2.19,4.71,4.62,4.34,3.58,3.31,3.68,3.64,4.27,4.50,1.41,4.23,4.58,4.37,6.06,8.95,11.19,11.91,13.42,16.50,13.95,22.01,13.25,18.73,16.73,15.66,14.60,15.32,13.17,16.09,17.71,15.91,17.30,19.28,21.22,23.36,25.82,27.87
Greece,19.51,19.87,10.44,13.50,4.21,5.33,9.00,16.99,15.48,18.34,23.39,21.59,25.76,23.06,21.53,16.09,18.09,18.21,26.27,35.67,26.15,27.95,29.22,36.50,48.89,39.64,42.04,67.75,72.41,86.64,53.48,39.70,29.36,28.54,28.05,23.64,24.72,24.83,28.32,26.06,25.46,29.16,32.04,35.58,39.50,42.83,46.11
Grenada,0.00,0.00,0.00,0.00,0.00,0.00,0.00,0.00,0.00,0.00,0.00,0.00,0.00,0.00,0.00,0.00,0.00,0.00,0.00,0.00,0.00,0.00,0.00,0.00,0.00,0.00,0.00,0.00,0.00,0.00,0.00,0.00,0.00,0.00,0.17,0.18,0.21,0.24,0.28,0.24,0.24,0.23,0.24,0.27,0.30,0.32,0.31
Guatemala,1.24,1.45,1.22,1.03,1.08,1.27,0.62,0.96,1.03,1.17,1.16,1.42,2.06,2.17,2.21,2.44,2.29,2.87,3.71,3.60,3.64,3.93,4.53,4.73,5.27,5.65,6.60,7.45,6.71,5.14,6.01,7.61,7.95,8.40,8.72,9.22,9.15,9.75,10.15,11.13,9.71,11.16,11.79,12.51,13.43,14.08,14.78
Guinea,0.25,0.25,0.24,0.24,0.22,0.24,0.31,0.36,0.44,0.45,0.70,0.67,0.70,0.71,0.71,0.79,0.80,0.79,0.69,0.69,0.61,0.47,0.43,0.75,0.76,0.57,0.50,0.54,0.83,0.42,0.37,0.55,1.08,0.97,0.56,0.64,2.15,1.24,2.35,2.35,2.51,2.81,2.82,2.75,2.77,2.96,3.17
Guinea-Bissau,0.42,0.34,0.42,0.40,0.38,0.43,0.37,0.35,0.42,0.47,0.41,0.45,0.63,0.39,0.36,0.31,0.29,0.38,0.18,0.13,0.08,0.08,0.11,0.15,0.12,0.12,0.13,0.18,0.17,0.16,0.18,0.18,0.20,0.21,0.23,0.17,0.23,0.27,0.22,0.21,0.35,0.34,0.33,0.35,0.39,0.42,0.45
Guyana,0.24,0.26,0.16,0.14,0.16,0.18,0.19,0.15,0.12,0.12,0.13,0.13,0.19,0.17,0.15,0.20,0.21,0.26,0.22,0.19,0.18,0.17,0.15,0.15,0.17,0.27,0.31,0.36,0.37,0.33,0.38,0.51,0.55,0.51,0.52,0.44,0.51,0.62,0.62,0.74,0.75,0.84,0.79,0.84,0.76,0.74,0.77
Haiti,0.00,0.00,0.00,0.00,0.00,0.00,0.00,0.00,0.00,0.00,0.00,0.00,0.00,0.00,0.00,0.38,0.43,0.43,0.51,0.60,0.57,0.51,0.59,0.85,0.69,0.69,1.09,0.85,1.32,1.46,2.96,2.73,2.40,2.20,2.15,2.11,1.62,1.80,2.24,2.36,2.25,3.72,3.63,3.52,3.56,3.59,3.44
Honduras,1.06,0.97,0.72,0.75,0.98,1.05,0.88,1.15,1.53,1.64,1.14,1.20,1.44,1.90,2.04,1.71,1.62,1.85,1.97,2.23,2.01,1.97,1.89,2.06,2.60,2.67,3.07,4.13,4.97,2.98,3.44,4.59,4.55,4.02,4.38,5.27,5.08,5.74,6.18,5.56,3.44,5.01,5.76,6.56,7.08,7.20,7.42
Hong Kong SAR,10.06,10.85,10.00,7.98,8.18,7.68,9.62,13.20,16.93,18.25,20.90,23.95,29.38,32.80,42.62,49.60,50.79,60.65,48.98,41.40,47.34,43.18,38.56,36.11,37.80,38.24,43.12,45.27,46.14,46.76,54.62,60.00,66.24,66.25,69.43,66.64,69.01,75.32,79.56,69.01,69.05,73.15,75.62,79.27,84.59,90.22,96.24
Hungary,7.49,7.35,7.20,6.05,5.65,5.54,6.95,7.65,7.89,8.37,9.13,7.75,6.96,8.90,10.48,10.70,11.52,12.38,13.94,13.29,13.20,14.04,17.24,20.90,27.83,28.49,29.70,33.85,38.76,26.35,26.87,28.60,24.64,28.18,32.76,28.86,27.00,32.35,42.44,45.73,42.44,46.97,52.61,56.53,59.47,62.12,65.46
Iceland,1.01,1.04,0.99,0.65,0.73,0.69,0.82,1.27,1.41,1.19,1.37,1.54,1.42,1.16,1.14,1.29,1.57,1.65,2.20,2.12,2.25,1.89,1.85,2.43,3.43,4.87,6.30,6.40,4.70,2.02,1.91,2.37,2.36,2.49,3.08,3.40,4.38,5.38,5.77,5.12,4.71,5.33,5.44,5.55,5.68,5.89,6.14
India,36.31,37.23,38.84,40.48,41.23,48.95,50.75,62.06,68.44,71.42,85.02,59.92,67.56,63.06,82.35,92.65,94.68,108.22,103.79,124.34,115.65,119.75,129.63,165.91,236.81,289.06,338.45,472.12,419.93,498.09,623.62,721.75,700.86,631.73,698.77,675.61,692.18,821.48,866.25,880.21,769.83,916.77,1018.40,1114.87,1217.20,1326.68,1444.69
Indonesia,31.71,42.86,42.47,40.33,37.34,39.41,36.83,37.76,42.60,54.38,58.76,67.81,68.18,57.12,67.32,79.13,86.87,84.01,22.17,23.07,45.03,44.18,51.53,71.75,76.48,88.83,114.87,135.10,184.32,180.04,248.33,294.41,322.31,310.11,308.30,293.19,315.59,342.33,360.48,378.35,342.97,376.06,408.51,445.39,481.53,517.46,558.50
Islamic Republic of Iran,48.39,42.48,32.58,56.22,51.48,40.23,42.37,51.55,47.60,86.71,201.58,134.12,22.42,20.16,18.31,36.47,62.27,67.49,71.21,91.55,133.70,118.30,53.76,69.75,87.90,91.03,104.94,144.57,175.86,176.37,200.77,225.74,164.72,167.08,180.73,140.68,149.24,168.60,172.71,257.96,271.23,288.58,297.31,303.62,310.11,317.18,324.82
Iraq,0.00,0.00,0.00,0.00,0.00,0.00,0.00,0.00,0.00,0.00,0.00,0.00,0.00,0.00,0.00,0.00,0.00,0.00,0.00,0.00,0.00,0.00,0.00,0.00,0.00,0.00,0.00,0.00,0.00,0.00,0.00,0.00,0.00,0.00,0.00,0.00,0.00,0.00,0.00,0.00,0.00,0.00,0.00,0.00,0.00,0.00,0.00
Ireland,6.02,5.95,5.88,4.95,4.52,4.25,5.44,5.84,6.14,7.31,10.66,9.82,9.44,8.22,9.55,13.06,15.57,18.43,21.74,24.41,24.57,26.47,30.89,42.36,52.95,64.34,74.12,78.85,67.93,47.85,38.35,41.06,45.64,44.58,57.57,74.69,112.06,114.29,109.48,178.45,132.52,92.24,101.57,112.46,124.01,135.14,146.21
Israel,5.01,4.99,6.05,7.02,6.07,4.78,6.03,7.18,8.80,8.64,11.39,16.83,18.79,19.07,21.20,26.35,29.01,28.93,27.22,27.96,30.63,29.76,25.51,25.20,27.04,29.45,31.77,38.45,43.94,38.32,44.18,54.69,54.81,58.76,63.75,59.80,67.30,75.87,80.44,84.29,88.09,96.55,100.64,104.79,109.10,113.47,117.96
Italy,133.46,105.11,101.39,98.06,105.49,109.16,142.32,183.94,208.17,212.03,265.70,277.47,286.25,201.42,208.46,235.55,254.09,242.45,250.97,253.66,239.36,243.45,275.22,334.04,383.93,393.58,428.11,492.39,524.52,428.72,439.97,469.66,371.48,361.82,366.75,314.23,329.54,354.06,387.83,361.14,329.86,376.46,418.38,438.51,452.60,466.87,480.52
Jamaica,0.31,0.41,0.48,0.46,0.36,0.33,0.39,0.48,0.66,0.73,0.82,0.69,1.22,1.37,1.32,1.65,1.89,2.16,1.99,1.89,2.13,2.38,2.66,2.48,2.69,3.03,3.40,3.42,3.35,2.55,2.67,3.09,2.94,3.02,3.12,3.02,3.00,3.32,3.65,3.84,2.69,3.14,3.61,4.01,4.26,4.47,4.74
Japan,394.84,420.70,377.15,395.23,416.19,440.75,654.13,825.59,1066.84,1085.77,1137.53,1289.80,1339.44,1443.74,1532.23,1715.47,1576.82,1397.60,1212.75,1307.35,1411.86,1214.20,1083.32,1159.77,1254.50,1258.69,1200.02,1180.16,1321.10,1195.58,1300.97,1467.35,1505.68,1272.75,1226.01,1118.57,1242.71,1243.31,1287.23,1326.07,1289.74,1366.64,1410.09,1469.53,1513.71,1556.21,1602.55
Jordan,1.54,2.15,1.95,1.71,1.58,1.11,1.35,1.62,1.52,1.04,1.35,1.14,1.88,2.12,2.17,2.31,2.23,1.97,1.82,1.84,1.99,1.98,2.02,2.23,3.26,4.45,4.43,5.37,6.84,6.95,8.01,7.94,7.88,7.59,7.94,8.03,7.74,8.44,7.58,7.46,8.17,8.39,8.91,9.44,10.04,10.69,11.57
Kazakhstan,0.00,0.00,0.00,0.00,0.00,0.00,0.00,0.00,0.00,0.00,0.00,0.00,1.18,1.38,3.41,3.88,3.40,3.46,3.50,3.00,3.32,5.95,6.72,7.93,11.35,17.69,27.46,37.25,36.70,33.92,37.57,44.30,52.48,58.14,57.10,51.46,38.20,43.96,45.30,49.88,50.09,53.07,57.08,61.85,66.68,71.51,76.35
Kenya,2.58,2.57,2.24,2.03,1.97,2.50,2.70,3.05,3.21,2.44,3.20,2.69,1.95,1.49,1.64,2.10,1.83,1.96,2.17,2.34,2.55,2.82,2.43,2.83,3.16,3.83,4.81,6.54,7.04,7.16,8.29,9.04,10.83,11.08,13.81,13.79,12.16,13.56,13.17,13.77,12.71,14.16,15.84,18.19,22.08,25.12,27.13
Kiribati,0.00,0.00,0.00,0.00,0.00,0.00,0.00,0.00,0.00,0.00,0.00,0.00,0.00,0.00,0.00,0.00,0.00,0.00,0.00,0.00,0.00,0.00,0.00,0.00,0.00,0.00,0.00,0.00,0.00,0.00,0.00,0.00,0.00,0.00,0.00,0.00,0.00,0.00,0.00,0.00,0.00,0.00,0.00,0.00,0.00,0.00,0.00
Korea,22.25,23.46,25.05,28.50,31.49,32.69,38.10,48.21,69.49,90.66,112.08,136.34,137.72,147.88,178.48,220.69,240.54,212.20,106.35,154.21,189.63,173.10,194.95,226.83,257.97,303.85,347.29,388.05,353.22,277.46,372.25,417.63,400.25,409.61,442.23,432.91,451.95,524.06,543.27,516.22,516.04,589.60,607.75,628.79,653.16,676.01,695.62
Kosovo,0.00,0.00,0.00,0.00,0.00,0.00,0.00,0.00,0.00,0.00,0.00,0.00,0.00,0.00,0.00,0.00,0.00,0.00,0.00,0.00,0.00,0.00,0.00,0.00,0.00,0.00,0.00,0.00,0.00,0.00,0.00,0.00,0.00,0.00,0.00,0.00,0.00,0.00,0.00,0.00,0.00,0.00,0.00,0.00,0.00,0.00,0.00
Kuwait,3.99,4.17,4.95,5.04,4.51,4.06,3.84,3.65,3.03,2.93,2.90,4.25,3.95,4.12,4.93,4.01,4.76,4.14,4.79,4.38,4.02,4.99,6.53,7.96,10.81,13.27,16.41,23.46,25.99,19.04,20.38,20.87,22.34,25.00,26.50,29.14,32.77,33.47,35.46,32.43,30.74,32.09,33.33,34.45,35.57,36.72,37.93
Kyrgyz Republic,0.00,0.00,0.00,0.00,0.00,0.00,0.00,0.00,0.00,0.00,0.00,0.00,0.17,0.08,0.10,0.27,0.46,0.38,0.25,0.22,0.27,0.27,0.28,0.22,0.32,0.40,0.68,1.00,1.47,1.26,1.30,1.56,2.29,2.46,2.72,2.29,2.15,2.37,2.29,2.34,1.44,1.90,2.11,2.36,2.64,2.90,3.08
Lao P.D.R.,0.00,0.00,0.00,0.00,0.00,0.00,0.00,0.00,0.00,0.00,0.00,0.00,0.00,0.00,0.00,0.00,0.00,0.00,0.00,0.00,0.00,0.00,0.00,0.00,0.00,0.00,0.00,0.00,0.00,0.00,0.00,0.00,0.00,0.00,0.00,0.00,0.00,0.00,0.00,0.00,0.00,0.00,0.00,0.00,0.00,0.00,0.00
Latvia,0.00,0.00,0.00,0.00,0.00,0.00,0.00,0.00,0.00,0.00,0.00,0.00,0.39,0.28,0.75,0.86,1.15,1.38,1.85,1.68,1.96,2.35,2.68,3.54,4.81,6.02,8.62,13.01,12.78,6.00,4.95,7.64,7.73,7.63,7.55,6.50,5.96,6.74,8.18,7.62,7.57,8.92,9.78,10.64,11.41,12.09,12.75
Lebanon,0.00,0.00,0.00,0.00,0.00,0.00,0.00,0.00,0.00,0.00,0.00,0.00,0.00,0.00,0.00,0.00,0.00,0.00,0.00,0.00,0.00,0.00,0.00,0.00,0.00,0.00,0.00,0.00,0.00,0.00,0.00,0.00,0.00,0.00,0.00,0.00,0.00,0.00,0.00,0.00,0.00,0.00,0.00,0.00,0.00,0.00,0.00
Lesotho,0.15,0.15,0.13,0.13,0.13,0.10,0.11,0.16,0.20,0.23,0.32,0.45,0.53,0.54,0.53,0.63,0.60,0.53,0.44,0.39,0.34,0.24,0.22,0.30,0.34,0.33,0.35,0.45,0.47,0.60,0.70,0.72,0.86,0.78,0.82,0.66,0.60,0.48,0.43,0.50,0.51,0.43,0.54,0.89,1.25,1.64,2.09
Liberia,0.00,0.00,0.00,0.00,0.00,0.00,0.00,0.00,0.00,0.00,0.00,0.00,0.00,0.00,0.00,0.00,0.00,0.00,0.00,0.00,0.00,0.00,0.00,0.00,0.00,0.00,0.00,0.00,0.00,0.00,0.00,0.00,0.00,0.00,0.00,0.00,0.00,0.00,0.00,0.00,0.00,0.00,0.00,0.00,0.00,0.00,0.00
Libya,10.52,11.73,9.93,9.40,8.06,5.61,5.65,3.53,4.91,6.18,7.06,6.96,6.00,6.44,6.01,2.60,4.47,0.85,0.85,0.74,0.79,18.38,13.00,13.42,15.10,19.70,20.62,40.56,62.52,58.02,72.66,27.06,62.66,61.61,65.21,62.23,64.36,70.61,74.28,76.69,79.21,28.40,29.30,30.34,31.47,32.67,33.95
Lithuania,0.00,0.00,0.00,0.00,0.00,0.00,0.00,0.00,0.00,0.00,0.00,0.00,0.00,0.00,0.00,1.52,1.77,2.49,2.74,2.35,2.17,2.34,2.97,4.13,5.18,6.34,8.14,12.85,13.51,4.74,6.74,9.57,8.49,9.09,9.54,8.81,8.27,9.16,10.90,9.54,7.12,8.69,10.00,11.22,12.39,13.58,14.72
Luxembourg,1.33,1.07,0.69,0.89,0.96,0.78,1.36,1.92,2.25,2.36,3.10,3.59,3.49,3.62,3.81,4.19,4.29,4.25,4.66,5.24,4.75,4.63,4.67,6.06,7.06,7.84,7.76,9.79,11.60,8.35,9.53,11.68,10.99,11.74,13.20,11.16,11.54,11.93,12.46,12.39,11.44,12.91,13.76,14.45,15.13,15.82,16.53
Macao SAR,0.00,0.00,0.00,0.00,0.00,0.00,0.00,0.00,0.00,0.00,0.00,0.00,0.00,0.00,0.00,0.00,0.00,0.00,0.00,0.00,0.00,0.63,0.73,1.12,1.71,3.11,4.99,6.74,6.39,3.99,3.74,5.07,6.33,7.25,10.87,11.41,9.85,9.87,9.52,7.79,6.72,7.59,8.07,8.79,9.81,10.80,11.87
Madagascar,2.42,1.70,1.26,1.22,1.05,0.71,0.89,0.80,0.56,1.29,1.41,1.00,1.34,1.54,1.16,0.34,0.47,0.43,0.54,0.53,0.55,0.79,0.59,0.87,1.07,1.13,1.30,2.26,4.16,3.58,2.70,2.70,2.34,2.05,2.07,1.81,1.94,2.08,2.85,3.20,2.09,2.71,3.29,3.83,4.03,4.26,4.54
Malawi,0.26,0.19,0.23,0.25,0.13,0.19,0.12,0.16,0.22,0.28,0.31,0.39,0.31,0.27,0.29,0.21,0.25,0.27,0.20,0.22,0.20,0.22,0.43,0.41,0.48,0.62,0.80,1.02,1.24,1.52,1.59,0.99,0.84,0.78,0.83,0.89,0.69,0.95,0.92,0.95,0.96,1.35,1.38,1.50,1.57,1.62,1.69
Malaysia,9.31,10.94,12.41,13.43,13.25,10.16,8.44,8.55,10.43,12.67,16.69,20.25,23.19,28.86,33.57,42.11,46.09,47.32,23.22,22.12,30.03,27.12,29.92,30.64,35.12,34.76,39.92,48.59,53.83,39.00,61.19,70.88,82.76,85.60,86.26,76.62,78.31,81.52,85.76,76.74,66.57,87.11,86.46,93.04,99.64,106.98,114.69
Maldives,0.00,0.00,0.00,0.00,0.00,0.00,0.00,0.00,0.00,0.00,0.06,0.07,0.09,0.10,0.11,0.13,0.15,0.18,0.19,0.15,0.16,0.15,0.17,0.21,0.25,0.23,0.32,0.37,0.45,0.47,0.52,0.53,0.58,0.66,0.74,0.82,0.87,0.95,1.06,1.13,0.75,0.91,1.05,1.21,1.31,1.41,1.52
Mali,0.43,0.50,0.39,0.32,0.32,0.71,0.59,0.62,0.62,0.58,0.92,0.96,0.93,0.96,0.94,1.20,0.96,0.95,0.76,0.62,0.51,0.71,0.61,0.98,1.18,1.31,1.46,1.95,2.37,2.25,2.57,2.56,2.14,2.56,2.90,2.72,3.36,3.32,3.49,3.73,3.24,3.98,4.06,4.17,4.29,4.55,4.90
Malta,0.00,0.00,0.00,0.00,0.00,0.00,0.00,0.00,0.00,0.00,0.00,0.00,0.00,0.00,0.00,1.08,0.98,0.89,0.86,0.92,1.10,0.85,0.78,1.25,1.47,1.78,1.61,1.88,2.02,1.75,2.01,1.70,1.62,1.71,1.82,2.68,2.90,2.96,3.23,3.39,3.44,3.82,4.16,4.45,4.75,5.06,5.39
Marshall Islands,0.00,0.00,0.00,0.00,0.00,0.00,0.00,0.00,0.00,0.00,0.00,0.00,0.00,0.00,0.00,0.00,0.00,0.00,0.00,0.00,0.00,0.00,0.00,0.00,0.00,0.00,0.00,0.00,0.00,0.00,0.00,0.00,0.00,0.00,0.00,0.00,0.00,0.00,0.00,0.00,0.00,0.00,0.00,0.00,0.00,0.00,0.00
Mauritania,0.00,0.00,0.00,0.00,0.00,0.00,0.00,0.00,0.00,0.00,0.59,0.71,0.86,0.51,1.84,0.82,0.72,0.60,0.20,0.22,0.20,0.22,0.17,0.44,0.83,1.44,1.04,1.22,1.70,1.25,1.82,2.62,3.30,3.49,2.76,2.38,2.01,2.07,2.00,2.35,2.72,3.38,2.70,2.41,2.41,2.53,2.73
Mauritius,0.31,0.28,0.25,0.21,0.22,0.26,0.35,0.46,0.64,0.72,0.86,0.90,0.99,1.02,1.18,1.24,1.19,1.24,1.23,1.33,1.39,0.96,1.07,1.38,1.60,1.47,1.80,2.12,2.53,2.17,2.71,2.76,2.85,2.67,2.52,2.12,2.19,2.42,2.75,2.79,2.11,2.33,2.58,2.72,2.86,2.93,2.99
Mexico,70.51,91.21,58.16,42.01,48.61,54.41,33.32,39.32,46.71,57.27,68.25,82.67,96.00,115.29,131.55,75.50,88.66,113.08,124.75,135.52,162.52,157.66,159.87,153.86,173.02,189.92,222.61,243.37,267.58,206.01,241.10,274.83,286.91,286.66,287.69,273.20,254.75,265.45,277.84,267.58,207.85,248.94,272.74,288.57,301.59,314.80,328.20
Micronesia,0.00,0.00,0.00,0.00,0.00,0.00,0.00,0.00,0.00,0.00,0.00,0.00,0.00,0.00,0.00,0.00,0.00,0.00,0.00,0.00,0.00,0.00,0.00,0.00,0.00,0.00,0.00,0.00,0.00,0.00,0.00,0.00,0.00,0.00,0.00,0.00,0.00,0.00,0.00,0.00,0.00,0.00,0.00,0.00,0.00,0.00,0.00
Moldova,0.00,0.00,0.00,0.00,0.00,0.00,0.00,0.00,0.00,0.00,0.00,0.00,0.52,0.60,0.42,0.36,0.41,0.46,0.44,0.27,0.33,0.34,0.36,0.46,0.68,0.92,1.12,1.68,2.38,1.26,1.65,2.02,2.11,2.37,2.49,1.82,1.77,2.20,2.86,3.15,3.09,3.14,3.33,3.59,3.88,4.16,4.46
Mongolia,1.26,2.09,2.12,1.93,1.57,1.82,2.17,2.09,2.22,2.53,0.36,0.65,0.41,0.28,0.31,0.35,0.34,0.28,0.29,0.27,0.25,0.33,0.28,0.44,0.57,0.95,1.23,1.64,2.45,1.58,3.02,6.05,6.86,6.70,4.30,3.10,2.87,3.58,5.20,5.53,3.23,4.61,5.36,5.45,5.07,5.18,5.50
Montenegro,0.00,0.00,0.00,0.00,0.00,0.00,0.00,0.00,0.00,0.00,0.00,0.00,0.00,0.00,0.00,0.00,0.00,0.00,0.00,0.00,0.23,0.28,0.25,0.28,0.36,0.42,0.65,1.28,1.88,1.12,0.90,0.88,0.84,0.88,0.93,0.81,1.14,1.47,1.76,1.77,1.22,1.32,1.39,1.37,1.38,1.40,1.43
Morocco,5.97,5.23,5.71,4.39,4.23,4.58,5.08,5.18,6.11,7.10,8.56,8.26,8.66,7.89,8.50,8.96,9.41,9.07,10.41,9.86,9.45,9.86,10.48,13.63,16.59,17.14,19.32,26.78,36.16,32.56,31.76,36.27,34.41,37.04,35.82,31.16,33.46,35.78,39.45,38.53,33.00,36.78,39.47,42.17,44.61,47.25,49.87
Mozambique,0.79,1.25,1.15,0.82,0.74,0.72,0.79,0.84,0.89,0.91,1.54,1.02,0.78,0.80,0.74,1.04,1.14,1.33,1.61,2.34,1.97,1.56,2.01,1.83,1.89,1.89,1.99,2.14,2.67,2.23,2.49,4.15,8.05,9.16,9.31,6.58,5.56,4.36,7.36,6.42,9.58,10.19,13.21,12.00,9.98,9.41,10.06
Myanmar,0.00,0.00,0.00,0.00,0.00,0.00,0.00,0.00,0.00,0.00,0.00,0.00,0.00,0.00,0.00,0.00,0.00,0.00,0.53,0.69,0.96,0.85,0.66,0.78,1.09,1.33,1.52,2.08,3.45,5.12,8.01,14.31,17.57,18.95,20.24,21.02,20.11,21.14,22.02,22.21,26.23,24.60,25.64,27.51,29.64,31.94,34.43
Namibia,0.00,0.00,0.00,0.00,0.00,0.00,0.00,0.00,0.00,0.00,0.79,0.47,0.62,0.45,0.67,0.76,0.81,0.70,0.79,0.88,0.79,0.84,0.65,0.99,1.28,1.44,1.80,2.13,2.74,2.20,2.58,2.35,3.34,3.11,4.48,3.31,2.35,2.28,2.04,1.84,1.81,2.08,2.34,2.45,2.55,2.65,2.77
Nauru,0.00,0.00,0.00,0.00,0.00,0.00,0.00,0.00,0.00,0.00,0.00,0.00,0.00,0.00,0.00,0.00,0.00,0.00,0.00,0.00,0.00,0.00,0.00,0.00,0.00,0.00,0.00,0.00,0.00,0.00,0.00,0.00,0.00,0.00,0.00,0.00,0.00,0.00,0.00,0.00,0.00,0.00,0.00,0.00,0.00,0.00,0.00
Nepal,0.25,0.12,0.32,0.60,0.85,0.74,0.72,0.79,0.97,0.94,0.82,1.01,0.94,1.10,1.14,1.38,1.51,1.54,1.51,1.30,1.58,1.63,1.53,1.70,2.19,2.62,2.95,3.57,4.56,4.83,7.11,6.03,6.21,6.58,7.04,7.62,6.93,10.81,13.10,13.90,10.80,13.71,14.60,15.36,16.04,16.73,17.63
Netherlands,45.67,33.74,31.01,31.29,29.43,30.54,45.64,56.08,63.36,64.27,77.86,77.39,85.31,76.40,82.96,98.36,101.67,95.33,100.63,103.89,94.27,98.05,99.48,118.82,133.73,140.26,154.31,198.15,212.54,180.39,171.50,181.38,157.19,162.37,159.86,172.08,160.59,171.66,191.65,193.07,194.49,224.76,239.76,249.04,257.40,266.03,274.51
New Zealand,5.27,5.00,5.32,5.39,6.57,6.22,6.87,8.62,9.47,10.17,9.79,7.45,7.70,9.37,11.84,14.52,16.21,15.95,11.97,13.28,12.27,11.58,14.49,19.50,25.70,28.81,26.19,33.42,32.08,23.87,29.54,33.46,37.30,41.25,45.68,40.71,42.98,47.80,51.67,50.51,45.36,56.59,59.15,61.94,65.61,69.32,73.07
Nicaragua,0.00,0.00,0.00,0.00,0.00,0.00,0.00,0.00,0.00,0.00,0.00,0.60,0.57,0.53,0.67,0.80,0.95,1.10,1.16,1.60,1.38,1.32,1.15,1.17,1.39,1.64,1.91,2.32,2.86,1.92,2.18,3.03,3.27,3.39,3.43,4.27,4.15,4.12,3.12,2.15,2.55,2.69,2.96,3.37,3.66,4.02,4.31
Niger,0.83,0.54,0.47,0.27,0.07,0.21,0.25,0.30,0.49,0.35,0.40,0.40,0.29,0.20,0.25,0.28,0.35,0.31,0.39,0.28,0.29,0.34,0.41,0.47,0.47,0.85,0.94,1.08,1.93,2.09,2.56,2.77,2.77,3.04,3.38,3.13,2.96,2.93,3.72,3.91,4.22,4.89,4.70,5.05,5.45,5.71,6.13
Nigeria,0.00,0.00,0.00,0.00,0.00,0.00,0.00,0.00,0.00,0.00,7.58,7.36,6.98,7.47,8.54,15.34,20.51,24.89,33.64,10.30,9.74,11.07,18.86,18.06,21.58,26.42,36.24,48.91,51.56,57.76,63.81,67.13,68.72,76.75,89.84,76.28,62.18,58.14,83.56,113.89,107.89,120.52,139.45,157.98,178.38,200.83,226.59
North Macedonia,0.00,0.00,0.00,0.00,0.00,0.00,0.00,0.00,0.00,0.00,0.00,0.00,0.00,0.00,0.00,0.00,0.00,0.00,0.00,0.00,0.00,0.00,0.00,0.00,0.00,0.00,0.00,0.00,0.00,0.00,0.00,0.00,0.00,0.00,0.00,0.00,0.00,0.00,0.00,0.00,0.00,0.00,0.00,0.00,0.00,0.00,0.00
Norway,18.22,17.66,18.01,16.25,17.08,17.99,25.88,29.67,30.95,28.11,29.44,27.01,28.13,26.55,29.14,36.63,37.27,40.43,43.64,39.91,37.39,35.86,40.03,44.80,57.37,69.86,83.54,109.73,120.87,95.48,109.01,129.07,134.52,145.54,138.41,106.00,103.61,110.84,122.57,120.39,109.70,129.33,136.61,141.08,144.81,148.68,152.61
Oman,1.30,1.63,1.97,2.06,2.33,2.61,2.15,1.35,1.27,1.32,1.44,1.70,2.04,2.38,2.03,2.07,2.09,2.79,4.77,3.40,3.00,3.35,3.83,5.02,6.91,6.66,10.10,14.34,22.22,13.65,14.91,16.66,18.69,20.95,16.47,20.79,18.90,19.42,19.43,15.40,12.01,15.19,16.81,17.47,18.07,18.75,19.39
Pakistan,6.19,6.76,7.55,6.90,7.28,7.28,7.69,8.23,8.92,9.79,9.90,11.30,12.86,14.01,13.25,14.70,15.72,14.62,14.39,11.97,13.72,13.20,12.98,15.07,17.50,22.48,26.54,28.63,32.60,29.33,27.93,30.12,33.64,34.50,35.70,42.44,43.61,49.20,54.29,43.10,40.49,0.00,0.00,0.00,0.00,0.00,0.00
Palau,0.00,0.00,0.00,0.00,0.00,0.00,0.00,0.00,0.00,0.00,0.00,0.00,0.00,0.00,0.00,0.00,0.00,0.00,0.00,0.00,0.10,0.08,0.09,0.08,0.08,0.08,0.08,0.07,0.06,0.04,0.05,0.05,0.06,0.05,0.07,0.07,0.08,0.09,0.08,0.08,0.08,0.07,0.08,0.10,0.11,0.11,0.12
Panama,1.14,1.45,1.47,1.30,1.02,1.12,1.22,1.47,0.35,0.20,0.68,1.11,1.67,2.27,2.46,2.67,3.06,3.20,3.71,3.72,3.55,2.62,2.43,3.12,3.36,3.62,4.28,7.68,10.65,8.52,11.25,13.40,17.66,20.07,22.12,23.13,23.45,25.96,26.91,26.24,15.11,19.31,21.64,23.71,25.85,27.86,30.20
Papua New Guinea,0.00,0.00,0.00,0.00,0.00,0.00,0.00,0.00,0.00,0.00,0.00,0.00,0.00,0.00,0.00,0.00,0.00,0.00,0.00,0.00,0.00,0.00,0.00,0.00,0.00,0.00,0.00,0.00,0.00,0.00,0.00,0.00,0.00,0.00,0.00,0.00,0.00,0.00,0.00,0.00,0.00,0.00,0.00,0.00,0.00,0.00,0.00
Paraguay,1.18,1.50,1.40,1.30,1.13,0.93,1.26,1.06,1.36,0.96,1.12,1.33,1.32,1.43,1.92,2.00,2.17,2.28,1.86,1.68,1.54,1.53,1.30,1.59,1.93,2.24,2.95,3.81,5.40,4.18,6.45,8.28,7.10,8.65,9.08,7.54,7.28,8.27,9.20,8.55,8.06,8.56,9.07,9.94,10.54,11.26,12.02
Peru,5.46,7.85,7.60,4.20,3.69,2.87,5.01,8.60,7.93,7.29,4.31,5.40,5.67,6.11,9.06,11.14,10.54,11.89,11.24,8.86,8.79,8.42,9.00,10.08,10.66,11.42,16.44,22.75,33.02,24.68,36.37,41.77,46.40,51.77,49.95,45.31,43.29,44.12,48.83,49.51,38.32,47.64,52.95,56.87,60.02,63.27,66.68
Philippines,8.69,8.95,9.49,8.99,6.19,4.24,4.35,5.51,6.54,8.67,11.78,10.21,12.54,14.38,17.05,18.45,22.04,22.65,14.89,13.87,13.12,14.95,17.25,17.00,19.69,19.95,20.44,25.16,34.33,30.70,42.59,48.58,51.23,58.60,62.25,65.40,78.44,83.96,94.17,98.68,63.08,72.06,83.49,96.59,110.04,125.15,142.15
Poland,0.00,0.00,0.00,0.00,20.72,20.40,17.47,15.29,18.81,16.14,15.70,15.62,13.11,13.70,17.92,25.71,32.31,36.37,42.58,41.86,42.03,39.04,36.65,40.96,51.65,60.92,74.71,108.10,131.53,90.42,103.19,119.67,105.95,100.31,112.08,98.34,93.02,104.86,121.98,117.66,102.86,109.27,123.47,138.05,150.18,162.20,173.75
Portugal,11.88,12.41,11.74,9.20,7.07,7.07,9.66,14.23,17.59,17.86,24.18,24.43,29.45,22.78,24.63,28.59,29.94,31.09,35.15,37.04,34.15,34.24,34.89,38.18,45.10,46.10,47.86,55.56,62.10,50.94,50.34,45.58,33.97,33.13,35.22,31.62,32.67,38.12,44.34,45.37,44.22,49.70,54.08,56.75,59.70,62.64,65.81
Puerto Rico,2.47,2.29,1.51,1.75,2.64,2.50,2.26,3.27,4.08,4.88,5.19,5.04,5.35,5.93,6.48,7.19,7.91,8.95,9.15,11.97,12.16,12.16,11.60,11.62,12.30,12.25,12.21,11.99,11.37,10.05,9.01,10.11,10.50,9.76,9.16,8.89,8.43,8.06,15.87,15.30,12.83,11.51,10.22,9.59,8.98,8.91,9.03
Qatar,0.00,0.00,0.00,0.00,0.00,0.00,0.00,0.00,0.00,0.00,0.00,0.00,0.00,0.00,0.00,0.00,0.00,0.00,0.00,0.00,0.00,0.00,0.00,0.00,0.00,0.00,0.00,0.00,0.00,0.00,0.00,0.00,0.00,0.00,0.00,0.00,0.00,0.00,0.00,0.00,0.00,0.00,0.00,0.00,0.00,0.00,0.00
Romania,12.95,14.35,15.53,14.46,12.01,16.21,18.26,18.92,17.51,14.85,11.76,8.19,6.26,7.76,7.64,8.84,9.38,7.50,7.70,5.63,7.33,9.19,10.21,13.41,18.16,22.58,33.52,54.71,70.92,47.35,45.12,51.56,46.14,48.59,49.53,44.67,44.04,49.59,55.00,59.25,56.50,68.25,75.98,84.14,90.91,97.99,105.35
Russia,0.00,0.00,0.00,0.00,0.00,0.00,0.00,0.00,0.00,0.00,0.00,0.00,-9.23,-15.44,41.99,65.35,78.27,77.25,33.38,26.12,45.67,64.23,66.22,86.53,119.60,148.80,204.28,307.21,414.67,225.33,337.40,496.53,538.10,532.56,458.75,300.50,295.77,371.84,362.31,384.64,345.11,399.92,417.05,429.61,444.08,459.62,475.66
Rwanda,0.11,0.12,0.18,0.19,0.20,0.23,0.25,0.27,0.27,0.26,0.23,0.18,0.23,0.24,0.08,0.19,0.20,0.24,0.24,0.24,0.23,0.23,0.23,0.26,0.32,0.41,0.53,0.72,1.17,1.26,1.33,1.52,1.89,2.02,1.90,2.17,2.20,2.21,2.07,2.64,2.25,2.38,2.96,3.50,3.85,4.15,4.50
Samoa,0.00,0.00,0.00,0.00,0.00,0.00,0.00,0.00,0.00,0.00,0.00,0.00,0.00,0.00,0.00,0.00,0.00,0.00,0.00,0.00,0.00,0.00,0.00,0.00,0.00,0.00,0.00,0.00,0.00,0.00,0.00,0.00,0.00,0.00,0.00,0.00,0.00,0.00,0.00,0.00,0.00,0.00,0.00,0.00,0.00,0.00,0.00
San Marino,0.00,0.00,0.00,0.00,0.00,0.00,0.00,0.00,0.00,0.00,0.00,0.00,0.00,0.00,0.00,0.00,0.00,0.00,0.00,0.00,0.00,0.00,0.00,0.00,1.06,1.10,1.12,0.52,0.61,0.39,0.37,0.28,0.30,0.33,0.27,0.17,0.23,0.29,0.34,0.39,0.35,0.41,0.45,0.48,0.49,0.51,0.52
São Tomé and Príncipe,0.00,0.00,0.00,0.00,0.00,0.00,0.00,0.00,0.00,0.00,0.00,0.00,0.00,0.00,0.00,0.00,0.00,0.00,0.00,0.00,0.00,0.03,0.03,0.05,0.05,0.05,0.04,0.05,0.10,0.07,0.11,0.10,0.09,0.09,0.09,0.10,0.10,0.10,0.09,0.08,0.07,0.09,0.11,0.12,0.13,0.13,0.15
Saudi Arabia,34.43,37.18,31.73,27.95,32.95,22.29,16.91,15.16,17.35,18.51,18.42,26.39,31.44,33.27,27.48,29.04,29.43,31.12,33.68,34.79,36.61,36.13,37.34,42.07,51.40,66.22,83.62,110.04,141.88,136.09,163.35,181.04,195.34,197.64,217.46,229.83,199.50,198.74,190.57,220.51,194.07,223.40,234.69,243.29,251.88,260.80,270.95
Senegal,0.63,0.84,0.68,0.61,0.58,0.57,0.55,0.82,0.63,0.54,0.63,0.70,0.29,0.20,0.19,0.45,0.46,0.60,0.80,1.02,0.99,1.17,1.21,1.67,1.84,2.37,2.43,3.45,4.42,3.29,3.24,3.74,4.35,4.55,5.12,4.59,4.83,6.26,7.55,7.44,7.58,8.47,9.92,11.14,12.41,13.70,15.40
Serbia,0.00,0.00,0.00,0.00,0.00,0.00,0.00,0.00,0.00,0.00,0.00,0.00,0.00,0.00,0.00,0.00,0.00,0.00,0.00,0.00,1.00,2.38,3.46,4.74,7.45,6.20,7.10,10.89,13.83,8.47,7.37,9.06,8.33,8.39,7.87,7.41,7.36,8.65,11.47,12.92,12.27,14.47,15.75,16.86,18.06,19.43,20.87
Seychelles,0.10,-0.01,0.07,0.02,0.02,0.03,0.04,0.07,0.09,0.09,0.11,0.07,0.09,0.12,0.17,0.15,0.20,0.16,0.21,0.19,0.17,0.13,0.19,0.08,0.18,0.33,0.31,0.30,0.27,0.23,0.36,0.36,0.40,0.51,0.51,0.47,0.43,0.44,0.41,0.42,0.25,0.31,0.31,0.35,0.36,0.43,0.53
Sierra Leone,0.20,0.19,0.18,0.15,0.15,0.11,0.09,0.06,0.10,0.11,0.06,0.07,0.07,0.04,0.08,0.05,0.09,0.04,0.04,0.03,0.05,0.11,0.13,0.15,0.15,0.18,0.19,0.20,0.24,0.25,0.80,1.23,1.06,0.63,0.66,0.59,0.47,0.70,0.69,0.66,0.66,0.76,0.70,0.78,0.85,0.88,0.93
Singapore,5.44,6.43,7.35,8.37,9.18,7.63,6.87,7.90,8.87,10.71,13.87,15.45,18.51,22.55,24.25,29.75,33.74,38.22,27.00,28.21,33.79,24.79,23.20,16.82,26.33,27.49,33.26,41.74,58.39,53.14,66.33,74.57,86.35,92.21,92.66,78.09,84.39,93.82,93.94,92.32,76.90,91.06,97.59,103.31,109.70,116.21,123.22
Slovak Republic,0.00,0.00,0.00,0.00,0.00,0.00,0.00,0.00,0.00,0.00,0.00,0.00,0.00,3.61,3.56,4.73,7.38,7.64,7.86,6.11,5.61,6.57,7.49,8.72,11.55,14.57,16.37,21.79,27.61,18.31,21.57,25.02,19.53,20.66,22.04,21.47,20.67,21.89,24.53,24.76,17.56,22.15,27.70,31.67,33.73,35.21,36.35
Slovenia,0.00,0.00,0.00,0.00,0.00,0.00,0.00,0.00,0.00,0.00,0.00,0.00,2.78,3.04,3.70,5.45,5.40,5.45,6.03,6.63,5.89,5.58,5.99,7.88,9.92,10.32,11.97,15.89,18.34,11.85,10.79,11.19,8.74,9.48,9.69,8.26,8.25,9.74,11.48,11.23,10.88,12.60,14.73,16.56,18.14,19.79,20.97
Solomon Islands,0.01,0.01,0.01,0.01,0.01,0.01,0.01,0.02,0.02,0.02,0.02,0.02,0.02,0.03,0.03,0.02,0.03,0.03,0.03,0.03,0.03,0.03,0.02,0.04,0.03,0.04,0.06,0.09,0.10,0.10,0.17,0.17,0.17,0.20,0.17,0.21,0.22,0.26,0.19,0.20,0.13,0.28,0.35,0.35,0.37,0.38,0.39
Somalia,0.00,0.00,0.00,0.00,0.00,0.00,0.00,0.00,0.00,0.00,0.00,0.00,0.00,0.00,0.00,0.00,0.00,0.00,0.00,0.00,0.00,0.00,0.00,0.00,0.00,0.00,0.00,0.00,0.00,0.00,0.00,0.00,0.00,0.00,0.00,0.00,0.00,0.00,0.00,0.00,0.00,0.00,0.00,0.00,0.00,0.00,0.00
South Africa,26.02,29.16,20.80,23.75,19.75,13.03,14.20,15.75,20.21,22.53,22.43,23.58,22.56,20.37,24.77,29.80,26.65,27.04,24.77,23.26,22.33,19.15,18.84,29.98,42.28,47.19,54.86,62.76,66.46,61.54,73.23,82.21,79.13,77.63,71.93,66.43,56.77,65.71,66.04,61.80,37.54,47.10,54.69,57.23,60.14,63.27,69.52
South Sudan,0.00,0.00,0.00,0.00,0.00,0.00,0.00,0.00,0.00,0.00,0.00,0.00,0.00,0.00,0.00,0.00,0.00,0.00,0.00,0.00,0.00,0.00,0.00,0.00,0.00,0.00,0.00,0.00,0.00,0.00,0.00,0.94,1.21,1.92,3.11,1.82,0.53,0.26,0.39,0.85,0.70,0.80,0.67,0.74,0.83,1.69,2.55
Spain,52.68,45.71,43.74,37.11,34.16,36.81,52.48,70.46,89.88,104.84,137.57,143.85,144.80,111.10,111.04,134.93,139.44,130.55,145.57,160.33,159.47,166.12,188.99,249.52,302.25,339.23,385.26,448.77,464.30,347.18,317.43,304.56,244.38,233.30,245.54,227.14,231.14,254.69,291.20,289.50,257.96,297.21,332.52,353.73,373.79,381.15,388.91
Sri Lanka,2.24,1.43,1.64,1.49,1.68,1.56,1.63,1.67,1.82,1.70,2.46,2.69,3.53,3.59,4.34,4.47,4.83,4.83,5.04,5.27,5.67,4.33,4.68,5.02,6.22,7.83,9.77,11.19,13.84,13.67,17.22,21.78,26.71,24.69,25.63,25.12,22.95,27.62,26.90,23.00,20.97,23.04,24.12,25.63,27.28,29.10,31.07
St. Kitts and Nevis,0.00,0.00,0.00,0.00,0.00,0.00,0.00,0.00,0.00,0.00,0.00,0.00,0.00,0.00,0.00,0.00,0.00,0.00,0.00,0.00,0.00,0.00,0.00,0.00,0.00,0.00,0.00,0.00,0.00,0.00,0.00,0.00,0.00,0.00,0.22,0.23,0.29,0.30,0.30,0.32,0.26,0.25,0.25,0.27,0.29,0.30,0.32
St. Lucia,0.00,0.00,0.00,0.00,0.00,0.00,0.00,0.00,0.00,0.00,0.00,0.00,0.00,0.00,0.00,0.00,0.00,0.00,0.00,0.00,0.00,0.00,0.00,0.00,0.00,0.00,0.00,0.00,0.00,0.00,0.00,0.00,0.00,0.00,0.30,0.33,0.38,0.43,0.44,0.45,0.40,0.45,0.50,0.50,0.48,0.47,0.49
St. Vincent and the Grenadines,0.00,0.00,0.00,0.00,0.00,0.00,0.00,0.00,0.00,0.00,0.00,0.00,0.00,0.00,0.00,0.00,0.00,0.00,0.00,0.00,0.00,0.00,0.00,0.00,0.00,0.00,0.00,0.00,0.00,0.00,0.00,0.00,0.00,0.00,0.18,0.19,0.20,0.20,0.21,0.19,0.21,0.22,0.20,0.18,0.18,0.20,0.22
Sudan,0.00,0.00,0.00,0.00,0.00,0.00,0.00,0.00,0.00,0.00,0.00,0.00,0.00,0.00,0.00,0.00,0.00,0.00,0.00,0.00,0.00,0.00,0.00,0.00,0.00,0.00,0.00,0.00,0.00,0.00,0.00,0.00,0.00,0.00,0.00,0.00,0.00,0.00,0.00,0.00,0.00,0.00,0.00,0.00,0.00,0.00,0.00
Suriname,0.00,0.00,0.00,0.00,0.00,0.00,0.00,0.00,0.00,0.00,0.00,0.00,0.00,0.00,0.00,0.00,0.00,0.00,0.00,0.00,0.00,0.00,0.00,0.00,0.00,0.00,0.00,0.00,0.00,0.00,0.00,0.00,0.00,0.00,0.00,0.00,0.00,0.00,0.00,0.00,0.00,0.00,0.00,0.00,0.00,0.00,0.00
Sweden,34.76,28.37,24.72,22.61,24.44,27.74,34.74,43.94,51.64,59.06,69.61,63.67,61.93,40.64,46.76,55.73,60.12,54.90,58.48,59.68,60.22,55.66,59.08,73.37,84.16,87.38,98.39,122.23,127.31,91.83,113.85,136.83,124.81,132.17,136.78,123.39,127.44,139.18,144.46,131.17,131.81,150.51,162.63,177.70,190.45,203.15,216.56
Switzerland,41.97,35.28,35.55,36.02,31.89,33.26,51.00,62.82,70.12,69.38,92.90,85.30,80.80,74.81,85.09,98.98,94.06,76.79,82.49,80.01,75.22,78.40,79.87,92.29,96.51,110.49,119.80,128.41,152.23,153.98,151.80,199.85,177.17,173.39,186.53,173.78,171.88,176.00,180.43,178.93,200.68,215.88,227.41,238.34,251.60,264.41,279.26
Syria,3.62,3.91,4.17,4.45,4.60,5.09,5.71,5.91,2.31,1.59,2.04,1.72,2.51,3.58,4.53,4.51,4.19,3.46,3.32,3.15,3.27,4.10,4.20,5.01,4.45,5.32,6.72,10.76,16.35,16.18,16.02,0.00,0.00,0.00,0.00,0.00,0.00,0.00,0.00,0.00,0.00,0.00,0.00,0.00,0.00,0.00,0.00
Taiwan Province of China,14.43,14.88,12.98,13.77,14.89,13.26,16.17,24.84,36.46,38.91,42.45,48.52,62.83,67.71,71.64,78.14,74.35,80.65,76.76,80.56,90.01,64.24,64.73,69.00,88.31,91.87,95.48,98.50,102.35,78.06,111.46,114.25,112.45,115.60,120.79,116.16,117.48,123.88,135.46,144.33,158.32,175.47,187.15,198.00,209.65,218.17,226.77
Tajikistan,0.00,0.00,0.00,0.00,0.00,0.00,0.00,0.00,0.00,0.00,0.00,0.00,0.08,0.18,0.34,0.14,0.08,0.08,0.09,0.05,0.15,0.14,0.17,0.21,0.31,0.34,0.66,1.02,1.24,1.05,1.01,1.37,1.36,1.46,1.47,1.43,1.43,1.76,1.59,1.67,1.56,1.85,1.88,2.10,2.33,2.49,2.38
Tanzania,3.38,3.85,4.00,3.49,2.83,2.58,2.97,2.20,1.58,1.46,1.63,1.90,1.79,1.52,1.58,1.49,1.55,1.66,2.97,2.70,2.71,2.84,2.90,3.37,4.35,5.26,5.96,7.18,10.54,10.06,10.21,12.02,13.82,17.12,18.83,15.52,16.01,18.12,21.75,24.11,21.77,24.31,26.93,28.67,30.69,32.94,35.38
Thailand,8.86,9.49,8.78,10.75,10.80,11.39,11.58,14.62,20.82,26.30,36.75,42.59,45.88,51.11,60.01,72.56,77.85,51.47,22.82,25.53,28.11,27.76,30.52,36.25,44.36,57.52,59.85,67.06,82.13,58.07,86.45,99.38,111.46,115.42,97.44,89.68,87.27,104.70,127.47,129.15,119.73,131.49,137.81,145.63,153.73,163.00,173.24
Timor-Leste,0.00,0.00,0.00,0.00,0.00,0.00,0.00,0.00,0.00,0.00,0.00,0.00,0.00,0.00,0.00,0.00,0.00,0.00,0.00,0.00,0.12,0.14,0.13,0.11,0.08,0.07,0.06,0.10,0.20,0.36,0.38,0.73,0.70,0.58,0.62,0.59,0.65,0.55,0.54,0.52,0.30,0.42,0.65,0.62,0.73,0.82,0.89
Togo,0.39,0.33,0.24,0.19,0.12,0.15,0.23,0.25,0.26,0.38,0.32,0.25,0.24,0.06,0.15,0.22,0.23,0.21,0.26,0.16,0.21,0.22,0.36,0.46,0.51,0.44,0.44,0.48,0.61,0.69,0.73,1.01,0.90,1.21,1.27,1.31,1.29,1.17,1.29,1.48,1.56,1.99,2.20,2.66,2.96,3.23,3.52
Tonga,0.00,0.00,0.00,0.00,0.00,0.00,0.00,0.00,0.00,0.00,0.00,0.00,0.00,0.00,0.00,0.00,0.00,0.00,0.00,0.00,0.00,0.00,0.00,0.00,0.00,0.00,0.00,0.00,0.00,0.00,0.00,0.00,0.00,0.00,0.00,0.00,0.00,0.00,0.00,0.00,0.00,0.00,0.00,0.00,0.00,0.00,0.00
Trinidad and Tobago,0.00,0.00,0.00,0.00,0.00,0.00,0.00,0.00,0.00,0.00,0.00,0.00,0.00,0.00,0.00,0.00,0.00,0.00,0.00,0.00,0.00,0.00,0.00,0.00,0.00,0.00,0.00,0.00,0.00,0.00,0.00,0.00,0.00,0.00,0.00,0.00,0.00,0.00,0.00,0.00,0.00,0.00,0.00,0.00,0.00,0.00,0.00
Tunisia,2.70,2.87,2.72,2.94,3.11,2.66,2.52,2.39,2.20,2.54,3.28,3.34,4.49,4.25,3.84,4.41,4.85,5.07,5.43,5.65,5.56,5.78,5.51,6.40,7.27,7.00,8.06,9.22,11.45,10.56,11.29,10.58,11.01,10.51,11.04,8.63,7.70,7.69,8.47,6.73,3.08,4.63,5.28,5.42,5.42,5.45,5.43
Turkey,25.82,25.12,20.56,16.68,15.21,18.56,24.46,29.62,31.08,34.06,50.08,47.84,51.57,65.13,38.41,56.17,56.64,60.26,65.87,54.75,65.06,36.46,50.70,70.22,102.21,135.68,162.92,194.63,221.53,148.03,207.75,259.96,247.08,283.60,271.86,243.66,243.57,263.64,228.29,188.71,226.53,237.61,246.02,265.15,297.44,337.24,371.13
Turkmenistan,0.00,0.00,0.00,0.00,0.00,0.00,0.00,0.00,0.00,0.00,0.00,0.00,0.00,0.00,0.00,0.00,0.00,0.00,0.00,0.00,0.00,0.00,0.00,0.00,0.00,0.00,0.00,0.00,0.00,0.00,0.00,0.00,0.00,0.00,0.00,0.00,0.00,0.00,0.00,0.00,0.00,0.00,0.00,0.00,0.00,0.00,0.00
Tuvalu,0.00,0.00,0.00,0.00,0.00,0.00,0.00,0.00,0.00,0.00,0.00,0.00,0.00,0.00,0.00,0.00,0.00,0.00,0.00,0.00,0.00,0.00,0.00,0.00,0.00,0.00,0.00,0.00,0.00,0.00,0.00,0.00,0.00,0.00,0.00,0.00,0.00,0.00,0.00,0.00,0.00,0.00,0.00,0.00,0.00,0.00,0.00
Uganda,0.00,0.00,0.00,0.00,0.35,0.36,0.38,0.81,0.93,0.78,0.73,0.49,0.46,0.53,0.68,0.99,1.17,1.14,1.16,1.21,1.59,1.58,1.77,1.92,2.50,2.89,3.11,4.38,5.00,5.20,5.62,6.30,8.36,9.42,8.32,6.65,7.33,7.77,8.76,10.14,10.28,10.88,12.13,14.53,17.42,20.10,23.19
Ukraine,0.00,0.00,0.00,0.00,0.00,0.00,0.00,0.00,0.00,0.00,0.00,0.00,8.67,11.77,9.00,10.24,10.42,11.23,9.11,6.34,6.40,8.26,8.55,10.99,13.66,19.36,26.45,39.80,49.67,19.98,28.39,36.61,38.16,33.20,17.49,14.42,20.27,23.26,24.34,19.38,9.99,22.51,29.46,33.63,38.20,43.70,49.60
United Arab Emirates,11.49,11.83,12.03,12.04,11.02,9.32,8.92,7.80,8.46,8.99,9.75,11.58,13.27,12.61,15.93,17.86,16.97,18.41,17.85,19.41,23.49,23.25,24.76,27.52,29.53,36.43,42.80,64.99,79.18,80.20,78.59,81.22,81.98,75.13,89.37,91.82,92.90,97.54,99.27,100.37,89.02,92.20,93.82,94.97,97.80,100.83,103.59
United Kingdom,115.07,104.23,101.93,101.47,100.94,107.72,130.58,173.47,233.18,248.47,276.29,253.39,246.87,215.66,232.09,249.09,265.95,273.26,297.70,301.77,304.72,295.94,321.56,360.78,419.76,445.36,484.92,566.47,514.32,360.90,402.34,419.21,431.34,449.90,533.34,519.80,482.45,484.07,508.25,519.63,460.84,543.50,606.06,633.13,659.64,688.86,720.62
United States,666.04,778.57,738.01,808.68,1013.29,1049.52,1087.25,1146.81,1195.37,1270.15,1283.80,1238.46,1309.15,1398.73,1550.65,1625.20,1752.03,1922.23,2080.64,2255.51,2427.24,2346.73,2374.08,2491.25,2767.51,3048.09,3251.82,3264.97,3107.20,2572.63,2809.96,2969.26,3242.81,3426.45,3646.72,3859.77,3826.81,4015.50,4336.74,4503.98,4393.37,4906.48,5143.03,5311.83,5493.55,5689.94,5896.10
Uruguay,2.33,2.32,1.79,0.96,0.77,0.70,0.86,1.36,1.31,1.20,1.51,2.22,2.61,3.10,3.65,3.90,4.12,4.39,4.78,3.93,3.59,3.25,1.94,1.99,2.60,3.35,3.77,4.50,5.82,6.06,7.70,9.15,9.77,10.95,10.88,10.11,9.99,10.17,9.68,9.22,7.98,9.85,10.42,10.49,11.03,11.58,12.35
Uzbekistan,0.00,0.00,0.00,0.00,0.00,0.00,0.00,0.00,0.00,0.00,0.00,0.00,1.64,0.85,1.24,2.58,3.35,2.97,3.32,3.12,2.84,2.60,2.14,2.20,3.06,4.14,5.01,6.53,8.90,10.31,10.02,14.01,17.80,17.50,20.27,19.57,17.99,16.87,20.42,23.48,21.35,23.40,25.91,29.01,32.73,36.85,41.41
Vanuatu,0.00,0.00,0.00,0.00,0.00,0.00,0.00,0.00,0.00,0.00,0.00,0.00,0.00,0.00,0.00,0.00,0.00,0.00,0.00,0.00,0.00,0.00,0.00,0.05,0.08,0.09,0.12,0.17,0.24,0.25,0.24,0.21,0.18,0.21,0.19,0.24,0.18,0.25,0.25,0.29,0.29,0.33,0.32,0.33,0.34,0.38,0.40
Venezuela,16.94,17.64,20.36,9.10,10.47,11.47,12.67,11.80,16.83,5.67,4.94,9.97,14.33,11.22,8.26,14.03,11.68,23.71,28.16,25.86,28.42,33.89,20.16,12.73,24.47,32.98,48.06,70.65,82.29,69.30,69.93,81.34,93.67,70.62,50.57,99.89,0.28,-5.39,0.00,0.00,0.00,0.00,0.00,0.00,0.00,0.00,0.00
Vietnam,5.06,2.52,3.34,5.03,8.75,2.72,6.15,7.63,4.22,1.09,0.30,0.94,1.55,4.09,5.28,7.17,8.81,9.66,10.05,10.07,11.72,12.87,14.80,17.81,21.03,24.71,29.12,38.94,45.53,47.96,50.67,50.52,52.70,56.25,61.94,64.75,66.44,73.03,80.10,87.74,90.13,99.79,108.97,119.78,131.85,144.91,158.29
West Bank and Gaza,0.00,0.00,0.00,0.00,0.00,0.00,0.00,0.00,0.00,0.00,0.00,0.00,0.00,0.00,1.14,1.25,1.24,1.32,1.40,1.83,1.36,1.18,0.93,1.14,1.15,1.24,1.16,1.20,1.37,1.50,1.92,1.86,2.38,3.07,3.15,3.51,3.89,4.45,4.61,4.59,3.24,4.18,4.62,4.94,5.20,5.42,5.65
Yemen,0.00,0.00,0.00,0.00,0.00,0.00,0.00,0.00,0.00,0.00,1.57,2.03,3.58,4.02,5.36,2.78,1.50,1.68,1.50,1.43,1.83,1.93,1.98,2.44,2.81,3.10,3.12,3.72,4.15,3.40,3.60,1.80,3.08,3.28,3.39,0.70,0.43,0.56,1.37,1.46,0.97,1.38,1.46,1.56,1.71,1.80,1.88
Zambia,3.06,2.47,2.00,1.56,1.53,1.87,1.65,0.94,1.16,1.03,1.89,1.12,1.14,1.43,1.47,1.53,1.17,1.38,1.46,1.36,1.40,1.24,1.33,1.85,2.30,2.58,4.68,4.46,5.31,4.64,6.05,7.89,8.10,9.55,9.24,9.09,8.01,10.61,10.37,9.38,6.40,5.47,5.13,4.96,4.91,4.83,4.80
Zimbabwe,0.00,0.00,0.00,0.00,0.00,0.00,0.00,0.00,0.00,0.00,0.00,0.00,0.00,0.00,0.00,0.00,0.00,0.00,0.00,0.00,0.00,0.00,0.00,0.00,0.00,0.00,0.00,0.00,0.00,0.00,0.00,0.00,0.00,0.00,0.00,0.00,0.00,0.00,0.00,0.00,0.00,0.00,0.00,0.00,0.00,0.00,0.00
