Country,1980,1981,1982,1983,1984,1985,1986,1987,1988,1989,1990,1991,1992,1993,1994,1995,1996,1997,1998,1999,2000,2001,2002,2003,2004,2005,2006,2007,2008,2009,2010,2011,2012,2013,2014,2015,2016,2017,2018,2019,2020,2021,2022,2023,2024,2025,2026
Afghanistan,0.00,0.00,0.00,0.00,0.00,0.00,0.00,0.00,0.00,0.00,0.00,0.00,0.00,0.00,0.00,0.00,0.00,0.00,0.00,0.00,0.00,0.00,0.30,0.54,0.78,0.97,1.27,1.84,2.15,2.55,3.19,3.92,5.08,5.04,5.24,5.25,5.04,5.24,5.32,5.29,5.65,5.69,6.03,6.40,6.51,6.42,6.59
Albania,0.00,0.00,0.00,0.00,0.00,0.00,0.00,0.00,0.00,0.00,0.00,0.00,0.00,0.00,0.00,0.00,0.00,0.68,0.94,1.19,1.18,1.28,1.37,1.67,2.17,2.33,2.60,3.13,4.09,3.94,3.51,3.73,3.48,3.73,4.20,3.50,3.46,3.80,4.37,4.49,4.95,5.66,5.48,5.76,6.13,6.53,6.96
Algeria,0.00,0.00,0.00,0.00,0.00,0.00,0.00,0.00,0.00,0.00,15.91,12.97,14.14,16.73,13.17,12.36,13.24,14.65,14.91,15.55,15.64,17.11,19.46,21.85,26.25,27.97,33.77,44.86,64.89,58.39,60.05,80.35,91.03,75.90,86.82,76.04,66.68,65.67,66.30,64.70,54.81,59.30,57.49,57.27,57.70,58.34,59.64
Angola,0.00,0.00,0.00,0.00,0.00,0.00,0.00,0.00,0.00,0.00,0.00,0.00,0.00,0.00,0.00,0.00,2.65,3.30,2.73,3.90,4.53,3.75,4.77,6.13,7.02,9.81,16.03,24.89,46.63,31.64,33.01,41.81,47.65,50.65,53.12,31.43,22.29,29.07,20.86,17.24,12.43,12.94,12.76,13.29,13.80,14.49,14.97
Antigua and Barbuda,0.00,0.00,0.00,0.00,0.00,0.00,0.00,0.00,0.00,0.00,0.09,0.10,0.10,0.11,0.13,0.13,0.13,0.12,0.16,0.17,0.19,0.21,0.24,0.23,0.23,0.25,0.34,0.35,0.36,0.44,0.26,0.27,0.25,0.27,0.29,0.36,0.35,0.35,0.37,0.38,0.36,0.40,0.41,0.44,0.45,0.46,0.48
Argentina,0.00,0.00,0.00,0.00,0.00,0.00,0.00,0.00,0.00,0.00,0.00,0.00,0.00,58.22,66.02,65.96,69.03,73.95,77.31,80.74,80.22,79.41,24.58,31.37,37.98,48.67,61.99,85.08,111.83,115.53,141.68,184.16,213.44,229.93,218.98,265.76,231.18,264.76,204.26,170.35,161.66,0.00,0.00,0.00,0.00,0.00,0.00
Armenia,0.00,0.00,0.00,0.00,0.00,0.00,0.00,0.00,0.00,0.00,0.00,0.00,0.00,0.00,0.00,0.00,0.00,0.00,0.00,0.00,0.00,0.00,0.00,0.00,0.00,0.97,1.28,2.06,2.59,2.47,2.43,2.53,2.38,2.65,2.79,2.78,2.85,3.00,3.00,3.39,3.84,3.52,3.57,3.80,4.12,4.44,4.79
Aruba,0.00,0.00,0.00,0.00,0.00,0.00,0.00,0.00,0.00,0.00,0.00,0.00,0.00,0.00,0.00,0.35,0.38,0.38,0.36,0.39,0.40,0.43,0.48,0.51,0.66,0.58,0.61,0.61,0.72,0.69,0.75,0.72,0.80,0.80,0.83,0.75,0.75,0.77,0.79,0.78,1.02,1.04,0.84,0.87,0.90,0.91,0.93
Australia,0.00,0.00,0.00,0.00,0.00,0.00,0.00,0.00,83.16,91.29,98.78,107.26,108.30,105.59,119.23,127.72,142.45,139.93,132.16,149.21,140.95,134.68,148.57,188.91,229.48,254.66,270.58,325.92,370.63,377.84,463.59,550.25,574.01,554.13,536.79,461.03,472.23,509.42,524.02,532.78,611.44,706.06,668.03,670.75,689.30,709.66,735.92
Austria,0.00,0.00,0.00,0.00,0.00,0.00,0.00,0.00,63.55,61.68,77.71,83.02,95.80,102.82,110.18,134.66,132.03,111.37,118.14,109.40,99.98,101.44,112.33,130.91,161.82,161.78,169.42,191.67,215.45,217.28,207.43,219.65,209.80,222.19,231.64,194.93,197.96,204.99,221.77,215.51,248.15,263.88,269.17,274.40,279.90,288.27,298.44
Azerbaijan,0.00,0.00,0.00,0.00,0.00,0.00,0.00,0.00,0.00,0.00,0.00,0.00,0.00,0.00,0.55,0.45,0.63,0.80,0.80,0.89,0.96,0.92,1.44,1.58,2.10,2.99,5.32,8.63,15.40,15.28,16.91,22.26,25.53,28.02,27.37,19.67,13.38,14.73,15.61,16.00,17.20,18.98,18.81,19.17,19.62,20.19,20.81
The Bahamas,0.00,0.00,0.00,0.00,0.00,0.00,0.00,0.00,0.00,0.00,0.63,0.64,0.64,0.62,0.67,0.69,0.72,0.86,0.87,0.75,0.98,1.00,1.07,1.10,1.13,1.26,1.35,1.45,1.51,1.52,1.56,1.72,1.82,1.78,1.89,2.04,2.26,2.74,2.51,2.68,2.64,3.11,3.23,3.01,3.12,3.17,3.21
Bahrain,0.00,0.00,0.00,0.00,0.00,0.00,0.00,0.00,0.00,0.00,1.68,1.55,1.67,1.67,1.75,1.77,1.67,2.36,1.87,2.14,2.09,2.54,3.06,3.24,3.43,3.98,4.46,5.07,6.08,5.88,8.33,9.02,9.94,10.81,9.49,11.33,11.28,11.42,12.69,12.63,12.25,11.87,11.82,11.83,12.13,12.52,13.00
Bangladesh,0.00,2.71,2.61,2.53,2.53,2.69,2.92,3.08,3.25,3.66,3.75,3.77,3.81,4.25,4.67,5.42,5.43,5.70,5.88,5.33,6.20,6.94,6.86,7.30,7.71,8.48,8.71,9.18,12.67,12.98,14.64,17.94,18.96,21.92,24.20,26.87,29.77,33.86,39.09,46.59,49.46,53.88,59.01,62.88,69.25,75.63,82.85
Barbados,0.00,0.00,0.00,0.00,0.00,0.00,0.00,0.00,0.00,0.00,0.00,0.00,0.00,0.00,0.37,0.43,0.51,0.55,0.57,0.63,0.69,0.72,1.04,1.02,1.04,1.18,1.24,1.46,1.55,1.49,1.52,1.47,1.59,1.64,1.55,1.65,1.62,1.64,1.50,1.44,1.46,1.45,1.53,1.58,1.60,1.66,1.72
Belarus,0.00,0.00,0.00,0.00,0.00,0.00,0.00,0.00,0.00,0.00,0.00,0.00,0.00,0.00,0.00,0.00,0.00,0.00,0.00,0.00,0.00,5.42,6.61,8.02,10.53,14.05,18.04,23.02,37.68,26.29,25.36,24.73,25.54,30.81,30.58,23.53,19.41,21.36,22.71,24.24,23.12,23.36,23.36,23.39,24.08,24.88,25.76
Belgium,70.45,65.40,55.75,54.96,49.89,51.26,70.07,84.29,88.51,86.91,108.82,114.24,127.89,124.80,130.43,151.78,148.17,130.56,131.92,130.53,117.02,116.90,128.85,162.33,182.01,200.15,199.20,228.72,262.64,263.96,259.59,289.37,280.39,292.81,297.75,248.39,252.81,261.47,283.74,277.52,311.94,335.89,341.00,354.15,367.83,378.81,390.92
Belize,0.00,0.00,0.00,0.00,0.00,0.00,0.00,0.00,0.00,0.00,0.00,0.00,0.00,0.00,0.00,0.00,0.17,0.17,0.20,0.24,0.26,0.30,0.30,0.32,0.32,0.31,0.32,0.39,0.38,0.39,0.41,0.43,0.44,0.47,0.53,0.61,0.62,0.63,0.62,0.66,0.65,0.67,0.69,0.71,0.74,0.77,0.80
Benin,0.00,0.00,0.00,0.00,0.00,0.00,0.00,0.00,0.00,0.40,0.52,0.51,0.60,0.52,0.41,0.60,0.59,0.54,0.50,0.40,0.55,0.57,0.64,0.73,0.83,0.93,0.91,1.29,1.42,1.65,1.34,1.57,1.59,1.86,1.89,2.07,1.82,2.26,2.36,2.10,2.99,3.24,3.34,3.66,3.91,4.24,4.52
Bhutan,0.00,0.07,0.05,0.07,0.06,0.09,0.09,0.11,0.12,0.13,0.10,0.08,0.08,0.09,0.10,0.12,0.12,0.13,0.12,0.17,0.19,0.23,0.20,0.21,0.22,0.29,0.29,0.34,0.49,0.44,0.55,0.65,0.69,0.67,0.56,0.57,0.66,0.78,0.83,0.63,0.81,0.76,0.82,0.89,0.98,1.06,1.15
Bolivia,0.00,1.61,0.95,1.16,1.09,0.88,0.88,1.06,1.10,1.15,1.11,1.29,1.43,1.56,1.60,1.73,1.92,2.24,2.54,2.43,2.46,2.61,2.64,2.59,2.84,3.18,3.44,4.32,5.93,6.26,6.23,8.53,9.83,11.87,14.38,14.82,13.65,14.58,15.05,14.86,14.29,15.62,16.39,17.07,17.93,18.81,20.06
Bosnia and Herzegovina,0.00,0.00,0.00,0.00,0.00,0.00,0.00,0.00,0.00,0.00,0.00,0.00,0.00,0.00,0.00,0.00,0.00,0.00,2.87,3.32,3.13,2.91,3.19,4.02,4.63,5.00,5.69,7.13,9.25,8.63,8.36,8.65,8.07,8.08,8.57,7.00,7.10,7.33,8.28,8.15,9.04,9.97,10.17,10.56,10.97,11.44,11.81
Botswana,0.40,0.38,0.40,0.41,0.41,0.35,0.54,0.85,0.98,1.17,1.47,1.56,1.66,1.65,1.59,1.72,1.76,1.94,1.98,2.15,2.22,2.31,2.44,3.20,3.52,3.34,3.29,3.93,5.21,5.28,5.38,5.60,5.77,4.78,5.63,5.16,5.09,5.56,6.06,6.20,5.79,6.16,6.26,6.53,6.74,6.98,7.25
Brazil,0.00,0.00,0.00,0.00,0.00,0.00,0.00,0.00,0.00,0.00,0.00,0.00,0.00,0.00,0.00,0.00,325.55,341.18,353.50,237.39,226.01,202.90,198.39,228.83,255.47,354.53,434.15,525.58,634.45,619.27,881.12,982.25,917.32,925.56,946.00,692.69,712.16,790.22,722.76,700.29,612.78,550.58,592.82,640.72,695.20,734.98,770.83
Brunei Darussalam,0.00,0.00,0.00,0.00,0.00,1.97,1.32,1.18,1.35,1.49,1.58,1.61,1.89,2.12,2.83,3.15,2.66,2.75,2.43,2.56,2.50,2.21,2.69,2.25,2.90,3.07,3.56,3.98,4.33,4.14,4.96,5.50,5.90,6.08,5.83,5.00,4.49,4.44,4.36,4.03,3.19,4.63,4.65,4.71,4.77,4.83,4.78
Bulgaria,0.00,0.00,0.00,0.00,0.00,0.00,0.00,0.00,0.00,0.00,0.00,0.00,0.00,0.00,0.00,0.00,0.00,0.00,4.60,4.93,4.92,5.17,5.75,7.56,9.05,10.16,11.17,14.71,18.22,17.57,17.52,18.43,17.66,19.80,21.17,18.95,17.65,18.99,22.79,24.71,26.59,31.01,31.07,33.08,34.80,36.96,39.01
Burkina Faso,0.00,0.00,0.00,0.00,0.00,0.20,0.37,0.51,0.48,0.42,0.64,0.60,0.63,0.64,0.39,0.52,0.57,0.55,0.62,0.72,0.59,0.63,0.70,0.83,1.10,1.24,1.43,1.74,1.76,2.03,2.19,2.47,2.85,3.40,2.92,2.41,2.78,3.70,3.85,3.76,4.44,4.95,5.35,5.66,5.95,6.50,7.11
Burundi,0.00,0.00,0.00,0.00,0.00,0.00,0.00,0.00,0.00,0.00,0.23,0.26,0.33,0.26,0.21,0.26,0.25,0.21,0.21,0.20,0.21,0.22,0.20,0.29,0.37,0.37,0.46,0.53,0.66,0.67,0.83,0.94,0.88,0.85,0.77,0.72,0.67,0.76,0.82,0.93,1.12,1.21,0.97,1.01,1.05,1.10,1.14
Cabo Verde,0.00,0.00,0.00,0.00,0.00,0.00,0.00,0.00,0.00,0.00,0.00,0.00,0.00,0.00,0.22,0.25,0.24,0.21,0.19,0.24,0.26,0.19,0.25,0.26,0.33,0.37,0.41,0.45,0.54,0.57,0.65,0.62,0.60,0.63,0.57,0.50,0.49,0.56,0.61,0.62,0.61,0.75,0.75,0.76,0.80,0.86,0.93
Cambodia,0.00,0.00,0.00,0.00,0.00,0.00,0.00,0.00,0.00,0.00,0.00,0.00,0.00,0.00,0.00,0.00,0.55,0.43,0.42,0.49,0.55,0.60,0.72,0.73,0.74,0.78,0.94,1.24,1.59,2.12,2.35,2.64,3.05,3.25,3.63,3.67,4.23,4.96,5.67,6.45,6.27,7.23,7.82,8.50,9.35,10.04,10.78
Cameroon,0.00,0.00,0.00,0.00,0.00,0.00,0.00,0.00,0.00,0.00,0.00,0.00,0.00,0.00,0.00,0.00,0.00,0.00,0.00,0.00,1.49,1.60,1.71,2.10,2.52,2.43,2.61,3.22,4.41,4.10,4.18,5.47,5.18,6.48,7.30,6.46,6.82,6.94,7.18,7.40,6.75,7.70,8.02,8.13,8.80,9.34,10.07
Canada,113.04,128.53,145.99,160.57,166.80,173.82,177.41,196.77,228.01,256.69,286.66,315.06,312.09,298.08,284.23,289.25,289.22,284.69,275.20,283.40,302.01,303.73,307.05,360.71,401.71,452.05,510.08,565.80,602.12,597.69,696.49,745.58,748.28,737.92,692.87,622.88,622.70,667.21,703.64,713.28,861.95,902.28,899.99,911.40,942.58,985.16,1031.47
Central African Republic,0.00,0.00,0.00,0.00,0.00,0.00,0.00,0.00,0.29,0.27,0.35,0.34,0.34,0.27,0.19,0.23,0.12,0.14,0.19,0.19,0.15,0.13,0.16,0.15,0.17,0.23,0.21,0.23,0.33,0.33,0.37,0.34,0.36,0.23,0.34,0.24,0.22,0.29,0.40,0.39,0.57,0.52,0.55,0.60,0.65,0.70,0.74
Chad,0.00,0.00,0.00,0.00,0.00,0.00,0.00,0.00,0.00,0.00,0.00,0.00,0.00,0.00,0.00,0.26,0.28,0.27,0.26,0.29,0.29,0.30,0.40,0.60,0.64,0.77,1.04,1.48,1.96,2.25,2.61,2.73,2.96,2.96,3.08,2.01,1.47,1.50,1.47,1.58,2.12,2.21,2.28,2.41,2.52,2.61,2.71
Chile,0.00,0.00,0.00,0.00,0.00,0.00,0.00,0.00,0.00,0.00,6.98,8.13,9.75,10.58,11.86,14.42,16.21,17.64,17.96,17.91,17.90,16.58,16.31,17.00,20.62,24.77,28.81,33.32,39.15,42.91,50.98,57.49,61.68,64.18,61.87,60.70,63.24,70.45,75.63,73.36,73.23,83.75,89.78,91.29,95.64,97.53,102.51
China,0.00,0.00,69.09,75.42,73.69,69.78,67.24,66.97,74.31,85.20,72.21,68.77,72.59,83.54,70.04,81.71,95.47,111.39,130.43,163.52,196.11,232.59,270.65,302.03,348.39,418.33,505.08,645.39,1031.06,1305.53,1514.13,2031.83,2404.63,2749.30,3051.28,3512.43,3583.46,3881.60,4557.72,4892.58,5444.51,5922.00,6307.03,6682.65,7179.61,7681.91,8244.48
Colombia,0.00,0.00,8.16,8.12,8.15,7.14,6.89,7.45,7.94,9.75,9.78,10.25,12.62,15.54,20.08,24.53,29.10,33.36,31.00,29.13,26.37,26.84,27.32,26.34,30.98,37.69,46.02,58.08,68.94,71.87,86.95,101.27,107.85,114.62,119.18,91.80,84.80,91.45,115.80,103.08,90.79,104.22,102.53,107.99,111.27,116.76,122.69
Comoros,0.00,0.00,0.00,0.00,0.04,0.05,0.07,0.07,0.07,0.06,0.08,0.08,0.09,0.07,0.07,0.07,0.06,0.05,0.05,0.04,0.03,0.05,0.06,0.07,0.07,0.08,0.09,0.10,0.14,0.12,0.12,0.14,0.15,0.17,0.17,0.18,0.19,0.20,0.23,0.24,0.23,0.27,0.27,0.29,0.30,0.32,0.34
Democratic Republic of the Congo,0.00,0.00,0.00,0.00,0.00,0.00,0.00,0.00,0.00,0.00,0.00,0.00,0.00,0.00,0.00,0.00,0.70,0.72,0.59,0.41,0.47,0.31,0.36,0.83,0.77,1.05,1.30,1.63,2.28,2.31,3.43,3.62,4.03,4.17,6.64,6.53,5.30,3.91,5.24,6.37,5.23,6.50,6.77,7.45,8.39,8.88,9.48
Republic of Congo,0.00,0.00,0.00,0.00,0.00,0.00,0.00,0.00,0.00,0.50,0.89,1.03,1.07,0.99,0.64,0.68,0.45,0.57,0.56,0.76,0.82,0.88,1.07,1.04,1.24,1.47,2.15,2.51,2.82,2.37,3.03,4.36,5.43,7.61,8.70,4.91,4.24,3.15,2.63,2.82,2.37,2.98,2.96,3.00,3.12,3.31,3.31
Costa Rica,0.00,0.00,0.00,0.00,0.00,0.00,0.00,0.00,0.00,0.00,1.08,1.01,1.18,1.32,1.83,1.90,2.02,2.05,2.19,2.38,2.53,2.76,3.08,3.04,3.17,3.32,3.53,3.99,4.82,5.18,6.89,7.44,8.31,9.54,9.72,10.56,11.06,11.65,11.84,14.00,14.10,13.29,13.67,13.81,13.95,14.14,14.52
Côte d'Ivoire,0.00,0.00,0.00,0.00,0.00,0.00,0.00,0.00,0.00,0.00,0.00,0.00,0.00,0.00,0.00,0.00,0.00,2.46,2.54,2.34,1.91,1.77,2.25,2.69,3.10,3.21,3.56,4.18,4.91,4.85,4.98,4.69,5.98,6.85,7.44,7.56,8.51,9.51,10.28,10.14,12.48,14.17,14.58,15.35,16.48,17.69,19.14
Croatia,0.00,0.00,0.00,0.00,0.00,0.00,0.00,0.00,0.00,0.00,0.00,0.00,3.93,4.04,6.81,9.74,10.64,10.72,12.46,11.92,10.28,10.65,13.60,17.36,20.31,21.30,23.45,27.42,32.21,30.60,29.03,30.53,27.30,28.01,28.09,24.09,24.47,25.08,28.24,28.47,31.29,34.09,36.12,38.65,41.09,44.47,45.30
Cyprus,0.00,0.00,0.00,0.00,0.00,0.00,0.00,0.00,0.00,0.00,0.00,0.00,0.00,0.00,0.00,3.02,3.25,3.27,3.52,3.60,3.49,3.71,4.27,5.88,6.70,7.43,7.99,9.05,10.68,10.90,10.77,11.63,10.50,10.09,9.37,7.83,7.85,8.34,10.88,10.00,11.35,12.46,12.88,13.58,14.14,14.65,15.17
Czech Republic,0.00,0.00,0.00,0.00,0.00,0.00,0.00,0.00,0.00,0.00,0.00,0.00,0.00,0.00,0.00,31.63,27.98,25.92,27.97,26.83,25.25,29.17,36.70,49.18,50.71,57.61,64.29,76.32,95.92,91.19,90.28,98.10,92.24,89.21,88.19,77.91,78.02,85.23,101.05,103.17,115.56,130.51,137.11,143.45,149.86,154.20,158.73
Denmark,37.24,34.56,34.53,34.75,32.98,34.39,45.73,58.05,63.71,62.05,75.97,77.10,86.16,84.91,92.59,108.28,108.82,97.02,98.04,97.05,86.49,87.07,95.06,116.99,133.22,135.52,140.96,158.41,178.13,181.62,182.48,194.12,189.60,191.79,194.92,165.04,164.32,167.89,180.39,172.41,194.00,204.91,210.84,217.46,225.50,234.64,245.88
Djibouti,0.00,0.00,0.00,0.00,0.00,0.00,0.00,0.00,0.00,0.00,0.00,0.18,0.23,0.23,0.21,0.19,0.16,0.18,0.17,0.18,0.18,0.17,0.20,0.23,0.25,0.26,0.26,0.32,0.40,0.44,0.41,0.44,0.50,0.55,0.64,1.02,0.85,0.78,0.78,0.75,0.77,0.76,0.81,0.86,0.87,0.94,0.99
Dominica,0.00,0.00,0.00,0.00,0.00,0.00,0.00,0.00,0.00,0.00,0.06,0.06,0.06,0.06,0.07,0.08,0.08,0.09,0.11,0.12,0.13,0.10,0.10,0.10,0.11,0.11,0.12,0.14,0.16,0.18,0.19,0.18,0.18,0.17,0.17,0.18,0.28,0.29,0.35,0.28,0.20,0.18,0.17,0.18,0.18,0.19,0.19
Dominican Republic,0.00,0.00,0.00,0.00,0.00,0.00,0.00,0.00,0.00,0.00,0.00,0.00,0.00,0.00,0.00,0.00,0.00,2.72,2.82,3.06,3.53,4.03,4.32,4.09,3.84,5.44,6.14,7.17,8.81,7.85,8.52,9.26,12.22,11.10,11.43,11.89,12.86,13.69,13.97,14.53,16.90,14.77,15.04,16.09,17.34,18.60,20.10
Ecuador,0.00,0.00,0.00,0.00,0.00,0.00,0.00,0.00,0.00,0.00,0.00,0.00,0.00,0.00,0.00,4.83,5.23,5.68,5.66,4.56,4.25,4.95,6.16,6.59,7.49,8.88,9.93,12.31,21.76,20.61,24.12,31.29,35.39,41.61,44.35,39.40,38.54,38.08,41.41,39.32,35.62,35.51,36.02,36.18,36.80,37.87,39.19
Egypt,0.00,0.00,0.00,0.00,0.00,0.00,0.00,0.00,0.00,0.00,0.00,0.00,0.00,0.00,0.00,0.00,0.00,0.00,0.00,24.95,27.23,28.50,27.91,26.09,24.95,28.53,39.00,42.84,55.83,64.50,72.13,75.68,85.96,99.71,109.01,109.47,108.84,76.14,75.34,85.51,98.29,110.14,115.35,124.68,130.54,141.85,156.02
El Salvador,0.00,0.00,0.00,0.00,0.00,0.00,0.00,0.00,0.00,0.00,0.76,0.97,1.21,1.24,1.45,1.66,2.02,1.90,2.11,2.22,2.47,2.66,2.85,2.96,2.95,3.30,3.75,3.88,4.42,4.57,4.72,5.13,5.84,6.24,6.22,6.34,6.62,6.91,7.06,7.27,8.15,8.73,9.02,9.74,9.97,10.46,10.60
Equatorial Guinea,0.08,0.06,0.08,0.08,0.07,0.09,0.11,0.20,0.27,0.12,0.28,0.38,0.95,0.42,0.61,0.24,0.06,0.08,0.15,0.14,0.26,0.23,0.23,0.52,0.64,1.16,1.83,2.58,3.94,6.01,5.09,5.87,7.88,6.43,6.88,5.48,3.13,2.45,2.53,1.91,1.85,2.03,1.87,1.88,1.90,1.91,1.94
Eritrea,0.00,0.00,0.00,0.00,0.00,0.00,0.00,0.00,0.00,0.00,0.00,0.00,0.20,0.25,0.22,0.39,0.40,0.36,0.55,0.65,0.52,0.52,0.46,0.58,0.61,0.63,0.50,0.53,0.58,0.57,0.69,0.68,0.76,0.65,0.57,0.63,0.69,0.81,0.55,0.66,0.76,0.82,0.85,0.90,0.94,0.99,1.05
Estonia,0.00,0.00,0.00,0.00,0.00,0.00,0.00,0.00,0.00,0.00,0.00,0.00,0.00,0.00,0.00,1.55,1.85,1.85,2.21,2.35,2.08,2.19,2.65,3.47,4.14,4.77,5.70,7.59,9.65,9.08,7.91,8.68,9.06,9.67,10.09,9.08,9.47,10.47,11.99,12.27,13.87,16.29,17.46,18.47,19.23,19.83,20.51
Eswatini,0.12,0.15,0.13,0.12,0.11,0.09,0.12,0.14,0.16,0.15,0.22,0.24,0.34,0.33,0.37,0.37,0.40,0.39,0.38,0.44,0.42,0.38,0.37,0.55,0.83,0.89,0.88,1.02,1.07,1.18,1.34,1.18,1.28,1.29,1.39,1.37,1.31,1.55,1.63,1.54,1.43,1.40,1.36,1.31,1.37,1.43,1.55
Ethiopia,1.00,1.07,1.31,1.88,1.58,1.93,2.02,2.00,2.43,2.85,2.63,2.41,2.09,1.26,1.43,1.37,1.65,1.55,1.65,2.01,2.09,1.82,1.95,2.33,2.34,2.84,3.38,3.97,4.92,4.91,4.97,5.56,7.03,8.26,9.47,10.93,12.92,13.82,12.91,14.22,13.98,13.93,13.70,16.21,19.39,21.42,24.54
Fiji,0.00,0.00,0.00,0.00,0.00,0.00,0.00,0.00,0.00,0.00,0.00,0.00,0.44,0.46,0.48,0.49,0.61,0.66,0.48,0.49,0.45,0.47,0.55,0.65,0.71,0.76,0.83,0.86,0.86,0.81,0.84,1.04,1.10,1.14,1.41,1.39,1.35,1.57,1.81,1.65,1.51,1.44,1.45,1.56,1.68,1.79,1.89
Finland,23.56,23.44,24.66,24.61,25.20,27.77,36.85,46.78,54.13,55.74,66.73,71.50,68.80,56.77,64.46,80.57,77.23,69.75,68.88,67.58,59.14,59.88,66.56,82.84,95.11,100.83,104.78,119.68,136.77,136.97,134.57,147.86,143.29,154.20,157.47,132.51,133.95,137.07,147.30,143.57,153.51,170.13,174.96,178.53,183.20,187.64,192.71
France,325.88,303.02,295.40,285.43,275.08,291.67,401.11,479.89,517.01,507.68,637.90,653.00,738.58,731.03,762.92,878.11,881.41,793.18,796.60,786.63,705.69,712.50,792.11,982.36,1122.58,1171.49,1227.07,1398.73,1561.56,1541.94,1505.86,1612.54,1533.53,1609.20,1634.43,1385.55,1400.79,1465.20,1552.53,1508.97,1621.80,1753.65,1773.34,1793.20,1839.16,1885.50,1936.52
Gabon,0.00,0.00,0.00,0.00,0.00,0.00,0.00,0.00,0.00,0.00,1.43,1.44,1.58,1.55,1.07,1.32,1.35,1.68,2.17,1.27,1.10,1.40,1.37,1.38,1.62,1.97,2.15,2.42,2.95,2.75,3.32,3.96,4.11,6.10,4.33,3.20,3.06,2.70,2.88,2.94,2.94,3.42,3.38,3.36,3.42,3.47,3.73
The Gambia,0.00,0.00,0.00,0.00,0.00,0.00,0.00,0.00,0.00,0.00,0.00,0.00,0.00,0.00,0.00,0.00,0.00,0.00,0.00,0.00,0.10,0.10,0.08,0.08,0.12,0.13,0.15,0.14,0.18,0.21,0.22,0.23,0.27,0.24,0.23,0.27,0.29,0.36,0.35,0.43,0.45,0.53,0.53,0.56,0.58,0.61,0.67
Georgia,0.00,0.00,0.00,0.00,0.00,0.00,0.00,0.00,0.00,0.00,0.00,0.00,0.00,0.00,0.00,0.31,0.58,0.77,0.69,0.57,0.53,0.56,0.56,0.66,0.99,1.42,1.80,2.89,4.18,3.86,3.85,4.20,4.69,4.66,4.94,4.11,4.30,4.48,4.78,5.06,5.46,5.26,5.36,5.62,6.07,6.55,7.10
Germany,0.00,0.00,0.00,0.00,0.00,0.00,0.00,0.00,0.00,0.00,0.00,871.56,1010.84,999.55,1066.89,1426.43,1234.54,1075.63,1079.44,1059.28,930.73,922.62,994.31,1208.09,1316.27,1333.67,1354.73,1486.81,1655.23,1642.44,1638.00,1695.82,1585.33,1678.15,1723.43,1482.22,1538.59,1627.03,1763.01,1744.42,1943.11,2227.80,2173.53,2215.69,2281.18,2350.04,2427.25
Ghana,2.90,3.53,3.35,1.72,0.84,0.97,1.10,0.93,0.98,0.99,1.05,1.26,1.63,1.76,1.71,2.04,2.07,2.04,2.18,2.13,1.48,1.81,1.62,2.28,2.99,3.40,4.44,6.12,6.83,6.05,8.61,10.51,12.49,13.74,11.38,9.21,11.17,10.62,14.05,14.12,19.35,19.10,19.46,20.20,21.52,22.99,22.79
Greece,13.78,14.57,15.53,14.79,15.23,16.18,18.79,22.04,25.50,27.19,37.19,36.66,42.39,41.53,42.48,62.99,65.76,62.64,65.31,68.96,61.37,62.68,70.73,94.26,114.68,113.00,123.42,150.12,180.94,178.99,157.48,155.96,129.83,123.92,119.39,99.67,95.86,96.69,102.78,97.29,110.12,124.08,118.78,120.97,122.14,123.85,124.69
Grenada,0.00,0.00,0.00,0.00,0.00,0.00,0.00,0.00,0.00,0.00,0.08,0.08,0.07,0.07,0.08,0.08,0.10,0.10,0.11,0.12,0.14,0.16,0.20,0.17,0.15,0.19,0.23,0.21,0.23,0.22,0.22,0.22,0.21,0.24,0.27,0.26,0.25,0.25,0.26,0.26,0.28,0.28,0.28,0.29,0.30,0.31,0.32
Guatemala,0.00,0.00,0.00,0.00,0.00,0.00,0.00,0.00,0.00,0.00,0.00,0.00,0.00,0.00,0.00,1.37,1.48,1.90,2.43,2.54,2.46,2.72,2.88,3.32,3.21,3.73,4.44,4.87,5.34,5.36,6.00,6.87,7.06,7.42,7.86,7.82,8.30,9.15,9.67,10.37,12.11,11.89,11.98,12.34,13.09,13.87,14.82
Guinea,0.00,0.00,0.00,0.00,0.00,0.00,0.00,0.00,0.00,0.00,0.69,0.68,0.63,0.61,0.59,0.65,0.64,0.66,0.53,0.56,0.51,0.57,0.59,0.70,0.66,0.50,0.55,0.55,0.70,1.10,1.41,0.97,1.46,1.56,1.77,1.91,1.39,1.79,1.90,2.01,2.81,2.70,3.00,3.32,3.60,3.95,4.15
Guinea-Bissau,0.00,0.00,0.00,0.00,0.00,0.00,0.00,0.00,0.00,0.00,0.00,0.07,0.09,0.09,0.07,0.06,0.07,0.09,0.05,0.07,0.09,0.08,0.07,0.09,0.13,0.13,0.13,0.18,0.21,0.18,0.17,0.20,0.14,0.14,0.26,0.25,0.26,0.27,0.30,0.28,0.37,0.38,0.38,0.41,0.44,0.47,0.51
Guyana,0.00,0.00,0.00,0.00,0.00,0.00,0.00,0.00,0.00,0.00,0.00,0.00,0.00,0.00,0.00,0.00,0.00,0.33,0.29,0.26,0.34,0.36,0.36,0.37,0.39,0.49,0.55,0.57,0.60,0.66,0.70,0.79,0.89,0.90,0.96,0.94,1.13,1.26,1.33,1.47,1.67,1.88,1.89,1.99,2.03,2.10,2.22
Haiti,0.00,0.00,0.00,0.00,0.00,0.00,0.00,0.00,0.00,0.00,0.00,0.00,0.00,0.00,0.00,0.00,0.00,0.31,0.35,0.49,0.43,0.38,0.40,0.38,0.45,0.63,0.73,1.06,1.18,1.34,1.50,1.84,2.25,2.36,2.21,1.89,1.49,1.49,1.83,1.38,1.43,2.43,2.54,2.71,2.96,3.16,3.29
Honduras,0.00,0.00,0.00,0.00,0.00,0.00,0.00,0.00,0.00,0.00,0.81,0.87,1.01,1.18,0.89,0.93,0.97,1.11,1.24,1.50,1.57,1.90,2.08,2.15,2.24,2.28,2.64,3.00,3.64,4.11,4.16,4.57,4.88,5.47,5.46,5.46,5.95,6.21,6.25,6.41,6.60,7.32,7.82,8.34,8.84,9.39,10.02
Hong Kong SAR,0.00,5.32,5.38,4.63,4.47,5.18,5.22,5.96,6.97,8.93,10.65,11.39,14.12,18.43,20.88,23.24,22.95,25.07,31.32,28.30,29.96,30.90,30.78,31.57,30.79,29.41,29.04,29.48,41.20,37.00,37.94,46.29,48.05,55.24,50.29,55.80,58.56,59.24,66.52,76.05,103.78,92.13,85.43,89.61,94.32,99.36,104.74
Hungary,0.00,0.00,0.00,0.00,0.00,0.00,0.00,0.00,0.00,0.00,0.00,0.00,0.00,0.00,0.00,25.58,23.72,23.37,24.68,23.88,22.27,25.35,34.40,41.76,50.40,55.77,59.27,69.63,76.58,65.72,64.52,69.64,63.27,67.93,70.58,63.06,60.19,66.47,73.68,74.12,78.63,85.83,91.30,95.58,99.75,103.81,108.44
Iceland,1.16,1.25,1.17,1.06,1.00,1.11,1.58,2.03,2.54,2.45,2.77,2.98,3.17,2.81,2.87,3.16,3.26,3.19,3.48,4.08,4.05,3.90,4.24,5.46,6.45,7.58,7.83,9.70,11.47,7.06,6.72,7.71,7.06,7.43,8.21,7.63,9.67,11.00,11.54,10.79,10.79,11.94,12.22,12.09,11.82,12.06,12.58
India,0.00,0.00,0.00,0.00,0.00,0.00,0.00,0.00,73.28,76.01,82.86,73.66,76.92,73.16,85.77,90.00,95.73,104.93,109.70,118.60,122.19,137.25,149.87,181.96,201.75,220.49,253.03,327.85,351.19,383.01,468.92,503.91,500.11,493.89,534.66,569.21,624.76,695.53,711.61,776.50,839.26,891.89,948.36,1011.84,1086.13,1168.38,1255.88
Indonesia,0.00,0.00,0.00,0.00,0.00,0.00,0.00,0.00,0.00,0.00,0.00,0.00,0.00,26.91,28.90,29.08,31.62,39.75,17.39,25.61,27.47,34.04,36.03,46.43,49.85,54.19,73.29,88.05,108.33,98.33,127.53,158.10,173.10,174.91,165.79,150.44,156.81,168.19,173.41,183.50,193.19,214.73,217.22,222.85,238.45,253.10,250.31
Islamic Republic of Iran,0.00,0.00,0.00,0.00,0.00,0.00,0.00,0.00,0.00,0.00,116.22,52.13,8.89,21.42,22.40,29.41,33.28,39.08,42.27,52.87,59.66,55.05,25.33,30.29,34.74,49.56,60.92,61.21,83.95,79.75,84.18,105.67,55.53,56.99,65.24,66.64,78.04,83.34,78.73,90.24,114.13,115.89,128.50,140.36,152.72,165.18,179.76
Iraq,0.00,0.00,0.00,0.00,0.00,0.00,0.00,0.00,0.00,0.00,0.00,0.00,0.00,0.00,0.00,0.00,0.00,0.00,0.00,0.00,0.00,0.00,0.00,0.00,33.51,31.64,32.79,40.97,75.35,65.80,68.67,80.56,93.52,113.21,102.74,77.21,71.36,67.46,71.65,82.01,85.63,100.13,100.35,100.38,100.86,101.37,103.73
Ireland,0.00,0.00,0.00,0.00,0.00,0.00,0.00,0.00,0.00,0.00,0.00,0.00,0.00,0.00,0.00,28.26,29.59,30.26,31.19,32.49,30.95,35.52,42.68,54.36,64.44,70.71,78.70,97.16,115.56,111.51,144.84,111.59,95.68,97.28,98.33,85.51,84.66,89.13,98.99,97.72,120.21,132.71,131.91,131.91,136.36,139.72,143.15
Israel,0.00,0.00,0.00,0.00,0.00,0.00,0.00,0.00,0.00,0.00,0.00,0.00,0.00,0.00,0.00,0.00,0.00,0.00,0.00,0.00,59.18,62.10,62.34,59.48,60.21,62.28,66.11,74.01,90.78,87.32,94.43,104.22,104.13,118.50,120.71,113.54,121.02,137.07,147.14,154.93,186.82,197.72,187.66,195.96,204.31,212.94,221.93
Italy,0.00,0.00,0.00,0.00,0.00,0.00,0.00,0.00,433.60,461.80,631.36,681.07,741.81,606.88,596.61,606.67,675.94,615.30,612.32,591.92,533.85,552.95,595.83,744.04,846.52,878.34,931.82,1035.50,1152.03,1123.18,1067.38,1128.34,1056.46,1091.37,1099.77,924.23,920.98,956.29,1012.72,975.18,1079.20,1194.62,1185.14,1176.82,1166.13,1185.22,1187.64
Jamaica,0.00,0.00,0.00,0.00,0.00,0.00,0.00,0.00,0.00,0.00,1.08,0.87,0.81,1.10,1.11,1.48,2.08,2.38,2.51,2.55,2.39,2.63,3.00,3.01,3.20,3.29,3.69,4.04,4.78,4.68,4.38,4.61,4.40,3.84,3.71,3.86,3.97,4.22,4.61,4.70,4.59,4.17,4.42,4.73,5.14,5.44,5.62
Japan,347.16,392.37,367.68,404.64,419.91,433.89,644.44,790.73,934.42,907.63,938.54,1068.82,1205.87,1458.05,1640.66,1855.44,1667.85,1488.93,1585.41,1651.38,1789.60,1553.81,1501.06,1607.79,1674.72,1645.84,1544.23,1536.78,1761.75,2067.72,2196.22,2430.24,2443.65,2035.88,1893.03,1669.52,1875.03,1819.68,1863.20,1916.22,2356.12,2313.51,2139.44,2190.46,2260.27,2329.01,2405.85
Jordan,0.00,0.00,0.00,0.00,0.00,2.13,2.18,2.86,2.82,1.82,1.84,1.96,1.92,2.05,2.17,2.40,2.56,2.50,2.85,2.75,2.89,2.97,3.28,3.81,4.31,4.89,5.47,6.43,7.69,8.47,8.69,10.52,11.67,11.59,13.13,12.63,11.35,11.96,13.06,13.51,13.80,14.65,14.81,15.16,15.38,15.19,15.81
Kazakhstan,0.00,0.00,0.00,0.00,0.00,0.00,0.00,0.00,0.00,0.00,0.00,0.00,0.00,0.00,0.00,0.00,0.00,0.00,0.00,0.00,0.00,0.00,5.06,6.58,9.18,12.57,16.04,24.85,36.12,27.06,33.27,40.90,45.58,46.88,47.07,42.17,29.53,40.18,33.80,36.78,41.99,41.29,40.72,42.49,44.61,47.08,50.18
Kenya,0.00,0.00,1.97,1.65,1.74,1.82,2.12,2.35,2.51,2.54,2.79,2.52,2.65,1.98,2.36,2.76,2.75,2.85,3.17,2.62,2.64,2.86,3.12,3.54,3.64,4.50,5.52,7.06,8.19,8.56,9.68,9.82,12.19,14.00,16.71,17.47,19.13,20.56,22.48,24.25,25.52,26.47,27.02,28.10,29.35,31.03,32.95
Kiribati,0.00,0.00,0.00,0.00,0.00,0.00,0.00,0.00,0.00,0.00,0.04,0.03,0.04,0.03,0.04,0.05,0.06,0.06,0.06,0.06,0.05,0.07,0.07,0.08,0.11,0.11,0.09,0.11,0.12,0.11,0.13,0.16,0.17,0.16,0.20,0.17,0.20,0.21,0.27,0.23,0.22,0.28,0.30,0.30,0.30,0.30,0.31
Korea,0.00,0.00,0.00,0.00,0.00,0.00,0.00,0.00,0.00,0.00,0.00,0.00,0.00,0.00,0.00,79.22,88.63,81.87,63.62,83.22,95.77,96.17,103.21,130.17,152.18,176.37,204.85,229.62,208.88,192.04,213.02,239.03,251.34,272.82,293.31,289.37,292.20,318.74,351.68,372.41,418.01,462.95,477.85,502.31,524.65,543.65,559.04
Kosovo,0.00,0.00,0.00,0.00,0.00,0.00,0.00,0.00,0.00,0.00,0.00,0.00,0.00,0.00,0.00,0.00,0.00,0.00,0.00,0.00,0.19,0.21,0.38,0.61,0.93,0.87,0.80,0.91,1.38,1.52,1.60,1.88,1.85,1.97,1.96,1.74,1.90,2.02,2.32,2.35,2.55,2.86,2.78,2.90,3.09,3.27,3.37
Kuwait,0.00,0.00,0.00,0.00,0.00,0.00,0.00,0.00,0.00,0.00,16.89,22.10,18.04,14.73,14.51,14.84,14.02,13.26,13.49,13.53,13.79,14.98,15.97,17.72,20.33,22.72,32.41,34.49,59.54,44.71,51.63,60.16,67.56,66.44,72.04,62.35,58.80,62.02,69.47,72.03,71.08,73.39,74.78,75.89,77.04,78.26,79.44
Kyrgyz Republic,0.00,0.00,0.00,0.00,0.00,0.00,0.00,0.00,0.00,0.00,0.00,0.00,0.00,0.00,0.00,0.57,0.52,0.55,0.59,0.45,0.41,0.43,0.47,0.54,0.63,0.71,0.83,1.13,1.43,1.53,1.78,2.32,2.68,2.80,2.88,2.54,2.65,2.85,2.73,2.89,2.97,2.81,2.90,2.98,3.13,3.30,3.46
Lao P.D.R.,0.00,0.00,0.00,0.00,0.00,0.00,0.00,0.00,0.00,0.00,0.00,0.00,0.00,0.00,0.00,0.00,0.00,0.00,0.00,0.00,0.34,0.33,0.31,0.36,0.36,0.47,0.58,0.72,0.95,1.29,1.68,1.81,2.52,2.90,3.31,3.70,3.35,3.68,3.79,3.84,3.55,3.88,4.26,4.65,4.96,5.30,5.66
Latvia,0.00,0.00,0.00,0.00,0.00,0.00,0.00,0.00,0.00,0.00,0.00,0.00,0.00,0.00,0.00,0.00,0.00,0.00,2.66,2.96,2.88,2.87,3.27,3.87,4.81,5.85,7.27,10.24,13.10,11.23,10.24,11.06,10.46,11.28,11.87,10.20,10.14,11.12,13.11,12.91,14.23,17.91,18.77,19.64,19.16,18.77,19.59
Lebanon,0.00,0.00,0.00,0.00,0.00,0.00,0.00,0.00,0.00,0.00,1.12,1.56,1.98,1.71,4.25,3.41,5.59,6.30,5.92,6.11,7.29,6.76,6.93,7.10,7.05,6.76,7.96,8.74,10.00,11.36,11.21,11.51,13.31,13.56,13.87,13.31,14.47,16.21,17.75,16.57,4.16,0.00,0.00,0.00,0.00,0.00,0.00
Lesotho,0.00,0.00,0.11,0.11,0.10,0.09,0.11,0.17,0.17,0.18,0.20,0.22,0.28,0.29,0.34,0.40,0.37,0.42,0.45,0.44,0.32,0.28,0.31,0.43,0.50,0.57,0.64,0.83,0.87,1.25,1.29,1.54,1.42,1.38,1.24,1.14,1.19,1.22,1.27,1.28,1.22,1.28,1.22,1.34,1.39,1.43,1.46
Liberia,0.00,0.00,0.00,0.00,0.00,0.00,0.00,0.00,0.00,0.00,0.00,0.00,0.00,0.00,0.00,0.00,0.00,0.00,0.00,0.00,0.13,0.11,0.12,0.06,0.11,0.11,0.12,0.22,0.36,0.42,0.49,0.70,0.82,1.02,1.01,1.15,1.16,1.08,1.04,1.03,0.99,1.04,1.08,1.10,1.14,1.24,1.30
Libya,0.00,0.00,0.00,0.00,0.00,0.00,0.00,0.00,0.00,0.00,9.49,9.61,9.09,9.64,8.48,9.33,11.33,12.94,10.16,10.01,10.57,13.02,8.64,11.27,13.98,13.75,17.12,22.81,35.62,36.65,39.91,19.09,36.44,45.71,34.72,31.32,26.89,28.96,35.57,37.82,35.98,16.10,16.49,16.64,16.84,17.07,17.32
Lithuania,0.00,0.00,0.00,0.00,0.00,0.00,0.00,0.00,0.00,0.00,0.00,0.00,0.00,0.00,0.00,2.21,2.68,3.30,4.14,4.33,4.14,4.29,4.74,6.03,7.52,8.74,10.20,13.71,17.81,16.38,15.32,18.07,15.10,16.12,16.54,14.25,14.33,15.47,17.83,18.49,23.40,25.14,24.07,24.68,25.51,26.41,27.23
Luxembourg,0.00,0.00,0.00,0.00,0.00,0.00,0.00,0.00,0.00,0.00,0.00,0.00,0.00,0.00,0.00,8.72,8.72,8.14,8.46,8.81,8.08,8.17,9.88,12.86,15.32,16.39,16.91,19.31,22.36,23.23,23.58,25.56,25.03,26.91,27.96,24.21,24.83,27.02,29.96,30.02,34.80,37.65,39.23,40.79,42.55,44.44,46.47
Macao SAR,0.00,0.00,0.00,0.00,0.00,0.00,0.00,0.00,0.00,0.00,0.00,0.00,0.00,0.00,0.00,0.00,0.00,0.00,0.00,0.00,0.00,1.16,1.28,1.51,1.69,1.96,2.18,2.32,3.30,4.21,4.84,5.59,6.56,5.81,7.19,8.08,8.48,9.40,9.97,10.16,12.35,12.51,13.79,12.86,13.20,13.49,14.37
Madagascar,1.18,0.86,0.68,0.63,0.54,0.45,0.48,0.33,0.36,0.49,0.52,0.44,0.60,0.69,0.59,0.56,0.71,0.62,0.75,0.66,0.71,0.83,0.67,1.06,1.10,1.08,1.18,1.37,1.69,1.20,1.23,1.39,1.33,1.58,1.57,1.48,1.61,1.97,1.97,2.17,2.09,2.70,2.89,3.08,3.22,3.38,3.59
Malawi,0.00,0.00,0.00,0.00,0.00,0.00,0.00,0.00,0.00,0.00,0.00,0.00,0.00,0.00,0.00,0.00,0.00,0.00,0.00,0.00,0.00,0.00,0.68,0.70,0.84,0.90,1.00,1.29,1.55,1.76,1.92,1.91,1.58,1.58,1.56,1.76,1.53,1.88,1.92,2.13,2.78,3.17,3.03,3.13,3.31,3.36,3.37
Malaysia,0.00,0.00,0.00,0.00,0.00,0.00,0.00,0.00,0.00,0.00,14.42,14.66,18.17,17.93,18.88,21.86,24.59,23.08,18.17,21.24,26.18,28.52,29.81,33.69,35.17,36.89,43.58,52.49,65.08,65.44,68.81,81.86,90.91,91.08,89.00,74.46,68.38,69.99,81.80,85.85,85.95,92.41,96.81,103.80,111.34,119.28,128.07
Maldives,0.00,0.00,0.00,0.00,0.00,0.00,0.00,0.00,0.00,0.00,0.08,0.10,0.11,0.12,0.12,0.15,0.14,0.16,0.18,0.21,0.23,0.23,0.24,0.28,0.29,0.45,0.55,0.65,0.80,0.87,0.86,0.79,0.85,0.90,1.24,1.39,1.59,1.46,1.72,1.88,1.79,2.17,2.50,2.48,2.16,2.25,2.27
Mali,0.00,0.00,0.00,0.00,0.00,0.00,0.00,0.00,0.00,0.00,0.00,0.00,0.00,0.00,0.00,0.00,0.00,0.00,0.00,0.00,0.57,0.64,0.78,0.98,1.19,1.35,1.52,1.75,1.86,2.33,2.17,2.67,1.93,2.62,2.88,2.74,3.12,3.52,3.47,4.00,4.49,5.44,5.63,5.88,6.11,6.48,7.00
Malta,0.00,0.00,0.00,0.00,0.00,0.00,0.00,0.00,0.00,0.00,0.00,0.00,0.00,0.00,0.00,0.00,0.00,0.00,0.00,0.00,1.73,1.81,1.95,2.47,2.56,2.70,2.87,3.27,3.84,3.58,3.60,3.92,3.94,4.26,4.64,4.24,4.20,4.60,5.41,5.59,6.69,7.02,7.18,7.45,7.81,8.22,8.65
Marshall Islands,0.00,0.00,0.00,0.00,0.00,0.00,0.00,0.00,0.00,0.00,0.00,0.00,0.00,0.00,0.00,0.00,0.00,0.06,0.06,0.06,0.07,0.07,0.07,0.07,0.07,0.12,0.09,0.10,0.09,0.10,0.10,0.10,0.10,0.10,0.09,0.10,0.11,0.14,0.13,0.15,0.16,0.20,0.18,0.19,0.19,0.19,0.20
Mauritania,0.00,0.00,0.00,0.00,0.00,0.00,0.00,0.00,0.00,0.00,0.00,0.00,0.00,0.00,0.00,0.00,0.00,0.00,0.00,0.00,0.00,0.00,0.00,0.00,0.56,0.63,0.76,0.85,1.02,0.93,0.98,1.16,1.45,1.47,1.58,1.59,1.34,1.39,1.42,1.41,1.51,1.80,1.68,1.78,1.88,1.97,2.07
Mauritius,0.00,0.00,0.00,0.00,0.00,0.00,0.00,0.00,0.00,0.00,0.00,0.00,0.00,0.00,0.00,0.00,0.00,0.00,0.00,0.88,1.05,1.05,1.13,1.36,1.53,1.49,1.47,1.68,2.27,2.26,2.35,2.69,2.59,2.89,2.94,2.85,2.94,3.24,3.51,4.28,3.60,3.57,3.77,4.18,4.30,4.43,4.35
Mexico,0.00,0.00,0.00,0.00,0.00,0.00,0.00,0.00,0.00,0.00,70.45,74.14,81.35,96.72,104.84,71.68,89.91,108.55,108.59,127.12,143.86,155.60,160.25,164.63,167.66,194.12,220.13,248.26,307.83,250.17,292.74,327.18,338.88,354.00,367.72,322.22,294.99,297.90,313.69,329.46,313.36,318.86,325.01,335.66,350.43,366.38,379.86
Micronesia,0.00,0.00,0.00,0.00,0.00,0.00,0.00,0.00,0.00,0.00,0.00,0.00,0.00,0.00,0.00,0.17,0.16,0.13,0.16,0.16,0.16,0.15,0.14,0.16,0.14,0.15,0.15,0.15,0.16,0.18,0.20,0.20,0.21,0.19,0.17,0.18,0.20,0.23,0.22,0.25,0.27,0.27,0.26,0.25,0.25,0.26,0.27
Moldova,0.00,0.00,0.00,0.00,0.00,0.00,0.00,0.00,0.00,0.00,0.00,0.00,0.00,0.00,0.00,0.61,0.73,0.89,0.66,0.39,0.45,0.44,0.51,0.66,0.90,1.11,1.37,1.88,2.51,2.46,2.38,2.74,2.93,3.08,3.18,2.46,2.43,2.95,3.55,3.75,4.23,4.34,4.41,4.59,4.82,5.05,5.34
Mongolia,0.00,1.28,1.35,1.41,1.33,1.58,1.89,2.16,2.15,2.25,1.38,1.30,0.46,0.30,0.30,0.39,0.39,0.36,0.41,0.35,0.39,0.45,0.50,0.54,0.63,0.63,0.89,1.49,2.12,1.63,2.27,3.95,4.43,4.05,3.93,3.62,4.43,3.69,3.74,4.39,4.98,4.97,5.35,5.76,6.20,6.63,7.15
Montenegro,0.00,0.00,0.00,0.00,0.00,0.00,0.00,0.00,0.00,0.00,0.00,0.00,0.00,0.00,0.00,0.00,0.00,0.00,0.00,0.00,0.00,0.00,0.48,0.73,0.83,0.86,1.16,1.62,2.33,2.14,1.93,2.06,1.87,2.05,2.03,1.88,2.08,2.29,2.60,2.48,2.57,2.74,2.63,2.75,2.88,3.01,3.10
Morocco,0.00,0.00,0.00,0.00,0.00,0.00,0.00,0.00,0.00,0.00,7.38,7.27,8.13,7.92,8.38,8.98,8.22,7.88,8.48,8.30,9.57,10.12,11.80,13.58,15.80,19.32,19.30,22.61,28.29,28.26,28.96,34.26,34.61,35.18,36.19,31.06,31.55,32.97,35.28,35.59,41.23,39.42,42.62,44.21,46.13,47.98,50.36
Mozambique,0.66,0.85,0.99,1.16,1.05,0.95,1.28,0.55,0.57,0.59,0.74,0.67,0.56,0.57,0.68,0.57,0.60,0.81,0.83,0.99,0.99,1.17,1.11,1.23,1.41,1.51,1.95,2.29,2.77,3.25,3.13,4.23,4.68,5.47,7.17,5.21,3.51,3.94,4.80,4.56,4.44,4.33,4.45,4.69,4.94,5.23,5.58
Myanmar,0.00,0.00,0.00,0.00,0.00,0.00,0.00,0.00,0.00,0.00,0.00,0.00,0.00,0.00,0.00,0.00,0.00,0.00,1.17,1.32,1.50,1.23,0.96,1.15,1.41,1.60,1.91,2.53,3.31,4.02,5.42,7.54,10.57,13.59,15.02,15.17,14.08,12.72,14.03,13.94,17.59,16.63,17.37,18.71,20.27,21.61,23.02
Namibia,0.00,0.00,0.00,0.00,0.00,0.00,0.00,0.00,0.00,0.00,0.76,0.92,1.05,0.97,0.99,1.12,1.17,1.25,1.15,1.13,1.15,1.06,1.00,1.49,1.86,1.95,2.04,2.20,2.37,2.78,3.69,4.57,4.45,4.49,5.09,4.90,4.38,4.84,4.97,4.74,4.36,4.47,4.51,4.65,4.85,5.06,5.24
Nauru,0.00,0.00,0.00,0.00,0.00,0.00,0.00,0.00,0.00,0.00,0.00,0.00,0.00,0.00,0.00,0.00,0.00,0.00,0.00,0.00,0.00,0.00,0.00,0.00,0.00,0.00,0.00,0.00,0.00,0.03,0.03,0.03,0.05,0.06,0.06,0.07,0.09,0.11,0.12,0.15,0.15,0.17,0.15,0.16,0.16,0.16,0.15
Nepal,0.00,0.00,0.00,0.00,0.00,0.00,0.00,0.00,0.00,0.00,0.00,0.00,0.00,0.00,0.00,0.00,0.00,0.00,0.00,0.00,0.75,0.87,0.89,0.86,0.98,1.12,1.15,1.54,1.92,2.49,3.00,3.54,3.64,3.43,3.77,4.30,4.65,6.85,9.27,9.35,9.32,10.91,11.80,12.75,13.45,14.21,15.39
Netherlands,98.27,85.05,84.85,83.63,77.85,76.68,106.20,132.61,136.91,130.24,157.15,164.41,184.14,181.30,189.40,239.40,208.18,186.71,191.12,190.83,172.81,181.79,202.62,253.49,280.53,284.02,309.27,352.58,402.95,406.98,398.93,415.94,385.67,400.84,400.92,335.38,335.38,347.24,379.45,374.21,426.55,472.17,486.72,499.52,508.07,518.41,534.35
New Zealand,0.00,0.00,0.00,0.00,0.00,10.41,12.87,17.04,20.99,21.11,22.68,23.03,21.81,20.98,22.64,25.91,27.56,27.10,22.81,23.13,20.74,19.79,22.83,30.24,36.75,42.04,41.55,50.02,52.22,49.23,62.57,70.83,69.64,72.29,75.42,65.65,67.79,72.57,75.90,81.60,88.80,100.04,100.39,102.89,105.98,109.87,114.99
Nicaragua,0.00,0.00,0.00,0.00,0.00,0.00,0.00,0.00,0.00,0.00,0.00,0.00,0.00,0.00,0.00,0.00,0.00,0.00,0.00,0.00,1.05,1.03,0.98,1.11,1.21,1.34,1.44,1.59,1.86,1.89,1.98,2.30,2.54,2.66,2.92,3.23,3.56,3.73,3.59,3.51,3.68,3.74,3.65,3.70,3.92,4.08,4.25
Niger,0.00,0.00,0.00,0.00,0.00,0.00,0.00,0.00,0.00,0.00,0.00,0.00,0.00,0.00,0.00,0.29,0.26,0.29,0.36,0.38,0.30,0.34,0.40,0.47,0.60,0.68,0.72,0.99,1.23,1.30,1.12,1.34,1.57,2.09,2.56,2.35,2.00,2.18,2.71,2.79,3.20,3.63,3.99,4.37,4.81,5.29,5.74
Nigeria,0.00,0.00,0.00,0.00,0.00,0.00,0.00,0.00,0.00,0.00,12.41,11.53,11.74,16.00,13.61,16.52,19.13,25.61,32.96,12.07,16.78,22.57,18.21,23.89,23.91,30.22,27.44,47.55,47.49,45.90,61.23,71.63,68.40,72.85,76.01,54.42,39.47,45.12,54.07,56.54,51.98,60.46,69.47,76.53,87.50,100.76,118.20
North Macedonia,0.00,0.00,0.00,0.00,0.00,0.00,0.00,0.00,0.00,0.00,0.00,0.00,0.00,0.00,0.00,0.00,0.00,1.27,1.21,1.26,1.21,1.39,1.52,1.78,1.94,2.03,2.16,2.62,3.35,3.15,3.06,3.34,3.24,3.43,3.61,3.24,3.32,3.60,3.84,3.96,4.51,4.81,5.02,5.27,5.55,5.82,6.13
Norway,28.28,27.53,27.48,26.79,25.76,26.73,34.85,43.85,49.32,49.32,58.62,60.90,67.14,60.57,62.74,75.01,76.91,73.41,73.73,75.41,70.86,75.29,90.41,109.29,118.70,129.52,140.43,165.00,184.84,176.89,191.71,216.92,217.42,228.58,226.91,187.11,186.99,197.77,213.77,209.12,210.52,231.00,236.98,241.74,247.17,254.06,261.21
Oman,0.00,0.00,0.00,0.00,0.00,0.00,0.00,0.00,0.00,0.00,4.89,4.87,5.73,5.74,5.89,6.05,5.86,5.83,5.80,6.09,6.95,7.39,7.87,8.40,9.67,10.87,12.80,14.84,17.86,18.51,19.88,26.73,33.77,35.34,38.39,35.06,33.52,32.31,35.98,33.67,32.63,28.22,29.87,30.69,30.48,30.49,30.90
Pakistan,0.00,0.00,0.00,0.00,0.00,0.00,0.00,0.00,0.00,0.00,0.00,0.00,0.00,14.27,12.28,13.82,15.52,13.98,14.32,12.71,13.74,12.53,14.13,14.48,16.03,18.77,23.42,29.69,36.39,32.21,35.94,41.27,48.32,50.33,49.02,53.42,55.42,64.89,67.72,60.68,60.77,0.00,0.00,0.00,0.00,0.00,0.00
Palau,0.00,0.00,0.00,0.00,0.00,0.00,0.00,0.00,0.00,0.00,0.00,0.00,0.00,0.00,0.00,0.00,0.00,0.00,0.00,0.00,0.08,0.08,0.08,0.07,0.08,0.07,0.09,0.10,0.09,0.08,0.09,0.08,0.09,0.09,0.10,0.10,0.11,0.10,0.11,0.12,0.14,0.13,0.12,0.12,0.12,0.13,0.13
Panama,0.00,0.00,0.00,0.00,0.00,0.00,0.00,0.00,0.00,0.00,0.00,0.00,0.00,0.00,2.08,2.23,1.85,2.37,2.77,2.92,2.95,3.09,3.21,3.49,3.69,3.86,4.19,4.82,5.92,6.37,7.32,8.42,9.53,10.96,11.61,11.96,12.79,13.79,14.91,14.77,15.15,16.01,15.03,15.63,16.24,17.20,18.46
Papua New Guinea,0.00,0.00,0.00,0.87,0.85,0.80,0.90,0.92,1.03,1.17,1.17,1.25,1.47,1.73,1.56,1.22,1.34,1.50,1.11,1.09,1.06,0.98,0.91,1.02,1.22,1.51,1.62,1.72,2.31,2.86,2.62,3.54,4.77,5.87,6.28,4.96,4.33,4.18,4.90,5.14,4.75,4.84,4.47,4.51,4.60,4.75,5.15
Paraguay,0.45,0.65,0.68,0.75,0.60,0.45,0.44,0.40,0.51,0.45,0.49,0.79,0.92,0.92,1.15,1.45,1.69,1.83,1.71,1.73,1.76,1.64,1.29,1.25,1.52,1.59,2.05,2.52,3.16,3.40,4.01,5.35,6.22,6.83,7.25,7.41,7.02,7.59,8.28,8.71,9.03,8.78,9.04,9.41,9.63,10.12,10.59
Peru,0.00,0.00,0.00,0.00,0.00,0.00,0.00,0.00,0.00,0.00,0.00,0.00,0.00,0.00,0.00,0.00,0.00,0.00,0.00,0.00,10.96,10.68,10.60,11.77,12.93,15.13,16.76,19.00,23.79,26.00,31.21,33.76,39.19,43.56,45.76,42.86,40.94,45.48,48.25,49.14,53.75,52.21,52.99,54.63,56.16,58.11,60.18
Philippines,0.00,0.00,0.00,0.00,0.00,0.00,0.00,0.00,0.00,7.65,9.50,9.34,11.13,10.91,14.40,16.17,18.57,19.09,15.15,17.77,17.41,16.59,17.33,17.77,18.40,20.13,23.34,28.36,32.37,33.83,38.23,40.16,47.33,50.70,51.49,54.94,59.43,62.61,72.32,81.70,90.95,103.11,106.42,111.12,116.75,122.82,129.10
Poland,0.00,0.00,0.00,0.00,0.00,0.00,0.00,0.00,0.00,0.00,0.00,0.00,0.00,0.00,0.00,66.12,79.62,72.58,75.88,71.41,72.05,85.51,89.87,99.18,111.34,135.48,153.17,184.02,234.96,197.19,219.57,232.05,214.45,223.30,231.27,198.91,193.92,217.08,243.76,248.83,290.82,290.01,304.90,329.72,352.71,377.66,403.75
Portugal,0.00,0.00,0.00,0.00,0.00,0.00,19.87,21.67,23.38,24.79,33.50,41.31,52.14,44.22,42.63,50.34,52.80,49.71,52.92,54.26,50.84,53.66,59.52,74.88,87.12,92.26,94.27,107.16,119.42,122.75,123.68,122.59,105.78,113.04,118.86,96.12,92.53,100.39,104.82,101.87,111.33,125.04,127.01,130.53,130.25,132.87,135.64
Puerto Rico,0.00,0.00,0.00,0.00,0.00,0.00,0.00,0.00,0.00,0.00,0.00,0.00,0.00,0.00,0.00,0.00,0.00,0.00,0.00,0.00,0.00,0.00,0.00,0.00,0.00,0.00,0.00,0.00,0.00,0.00,0.00,0.00,0.00,0.00,23.06,22.24,21.89,22.72,24.53,25.15,24.46,22.25,21.55,21.25,20.95,21.21,21.42
Qatar,0.00,0.00,0.00,0.00,0.00,0.00,0.00,0.00,0.00,0.00,3.13,3.21,3.46,3.64,3.55,3.58,4.28,4.75,4.68,4.77,5.39,5.62,6.11,6.76,9.17,12.94,17.32,22.38,26.52,32.13,38.30,47.81,57.89,56.23,66.64,62.37,60.90,55.84,52.98,57.26,50.11,53.79,52.41,52.53,52.67,52.85,53.38
Romania,0.00,0.00,0.00,0.00,0.00,0.00,0.00,0.00,0.00,0.00,14.77,11.13,8.21,8.91,10.06,12.33,11.94,11.95,14.77,12.62,13.06,13.40,14.78,18.39,25.23,31.80,41.31,60.35,75.59,63.22,63.64,67.38,59.95,64.85,67.42,60.77,58.94,65.19,77.20,83.59,95.94,108.33,113.86,120.85,128.12,136.58,146.05
Russia,0.00,0.00,0.00,0.00,0.00,0.00,0.00,0.00,0.00,0.00,0.00,0.00,0.00,0.00,0.00,0.00,0.00,0.00,114.16,71.89,85.29,103.35,125.15,150.45,187.63,240.88,308.09,445.08,569.49,504.81,579.84,680.73,745.74,792.99,715.82,478.55,468.54,548.62,539.23,572.35,571.50,607.76,612.67,630.28,648.46,658.13,674.78
Rwanda,0.00,0.00,0.00,0.00,0.00,0.00,0.00,0.00,0.00,0.00,0.00,0.00,0.50,0.45,0.19,0.26,0.31,0.36,0.37,0.48,0.37,0.38,0.40,0.40,0.43,0.59,0.68,0.91,1.16,1.27,1.46,1.70,1.88,2.05,2.26,2.27,2.19,2.32,2.54,2.92,2.96,2.92,3.11,3.28,3.46,3.63,3.87
Samoa,0.00,0.00,0.00,0.00,0.00,0.00,0.00,0.00,0.00,0.00,0.00,0.00,0.08,0.10,0.09,0.10,0.10,0.09,0.08,0.09,0.08,0.08,0.09,0.10,0.11,0.15,0.14,0.18,0.19,0.19,0.20,0.25,0.26,0.25,0.28,0.25,0.23,0.27,0.27,0.28,0.26,0.30,0.30,0.32,0.33,0.34,0.36
San Marino,0.00,0.00,0.00,0.00,0.00,0.00,0.00,0.00,0.00,0.00,0.00,0.00,0.00,0.00,0.00,0.00,0.00,0.00,0.00,0.00,0.00,0.00,0.00,0.00,0.30,0.32,0.34,0.45,0.53,0.51,0.46,0.46,0.49,0.51,0.40,0.37,0.34,0.39,0.41,0.36,0.37,0.48,0.42,0.43,0.44,0.44,0.45
São Tomé and Príncipe,0.00,0.00,0.00,0.00,0.00,0.00,0.00,0.00,0.00,0.00,0.00,0.00,0.00,0.00,0.00,0.00,0.00,0.00,0.00,0.00,0.01,0.04,0.04,0.05,0.06,0.05,0.04,0.06,0.06,0.10,0.10,0.12,0.12,0.10,0.11,0.11,0.11,0.10,0.11,0.10,0.11,0.12,0.14,0.15,0.15,0.17,0.18
Saudi Arabia,0.00,0.00,0.00,0.00,0.00,0.00,0.00,0.00,0.00,0.00,46.14,46.15,56.36,50.10,45.62,46.40,52.83,59.00,50.68,49.02,62.79,68.02,68.00,71.47,80.45,92.39,102.64,122.43,138.68,159.05,174.37,220.46,244.59,265.26,304.16,267.01,249.47,229.33,287.67,282.40,282.88,263.39,259.77,263.77,269.31,275.67,281.79
Senegal,0.00,0.00,0.00,0.00,0.00,0.00,0.00,0.00,0.00,0.00,0.00,0.00,0.00,0.00,0.75,0.87,0.97,0.82,0.86,0.97,0.84,1.02,1.09,1.50,1.83,2.06,2.49,3.10,3.53,3.41,3.50,4.14,4.06,4.18,4.57,4.08,4.56,4.71,5.22,5.66,6.73,7.10,7.58,8.54,9.56,10.58,11.63
Serbia,0.00,0.00,0.00,0.00,0.00,0.00,0.00,0.00,0.00,0.00,0.00,0.00,0.00,0.00,0.00,0.00,0.00,0.00,0.00,0.00,2.92,4.16,6.94,8.89,10.10,10.95,13.81,18.31,22.27,19.32,17.73,20.52,19.54,20.48,21.09,16.92,17.01,17.71,20.60,21.65,25.72,27.84,27.86,29.30,30.90,32.99,35.35
Seychelles,0.00,0.00,0.00,0.07,0.08,0.09,0.12,0.12,0.13,0.16,0.17,0.19,0.22,0.29,0.31,0.27,0.30,0.31,0.37,0.35,0.34,0.29,0.39,0.32,0.33,0.36,0.44,0.43,0.27,0.27,0.34,0.37,0.41,0.50,0.45,0.45,0.54,0.54,0.59,0.59,0.59,0.49,0.50,0.55,0.61,0.68,0.79
Sierra Leone,0.00,0.00,0.00,0.00,0.00,0.00,0.00,0.00,0.00,0.00,0.00,0.00,0.00,0.00,0.00,0.00,0.00,0.00,0.00,0.00,0.15,0.21,0.25,0.26,0.26,0.29,0.31,0.28,0.41,0.43,0.52,0.63,0.77,0.77,0.88,0.88,0.90,0.87,0.87,0.87,1.04,1.03,0.89,0.90,0.92,0.95,0.99
Singapore,0.00,0.00,0.00,0.00,0.00,0.00,0.00,0.00,0.00,0.00,5.86,7.21,7.57,8.80,8.64,12.12,17.43,14.56,15.49,13.71,15.49,16.35,14.74,15.28,16.18,15.82,18.25,16.31,27.06,30.77,24.54,26.99,29.00,33.57,39.59,44.47,48.44,46.61,52.35,52.97,90.53,72.97,61.30,62.54,63.73,68.85,70.82
Slovak Republic,0.00,0.00,0.00,0.00,0.00,0.00,0.00,0.00,0.00,0.00,0.00,0.00,0.00,0.00,0.00,9.69,11.54,10.68,10.47,10.01,10.94,9.71,11.31,13.76,16.38,19.51,22.32,28.10,35.95,39.66,38.45,41.32,38.92,42.02,43.89,40.51,38.26,39.50,44.12,44.92,51.58,57.45,59.14,62.90,63.75,67.78,70.33
Slovenia,0.00,0.00,0.00,0.00,0.00,0.00,0.00,0.00,0.00,0.00,0.00,0.00,0.00,0.00,0.00,11.09,9.44,9.44,10.25,10.71,9.69,10.18,11.12,13.99,16.06,16.82,17.99,20.87,25.13,24.93,24.21,26.23,23.00,29.18,25.43,21.00,20.66,21.41,23.59,23.46,28.13,30.29,30.92,31.72,32.70,33.81,35.24
Solomon Islands,0.04,0.04,0.04,0.03,0.05,0.05,0.05,0.07,0.07,0.07,0.06,0.08,0.09,0.09,0.11,0.11,0.11,0.09,0.08,0.06,0.08,0.07,0.05,0.07,0.11,0.16,0.19,0.24,0.30,0.33,0.40,0.45,0.52,0.53,0.53,0.56,0.59,0.62,0.62,0.54,0.53,0.58,0.66,0.69,0.75,0.79,0.82
Somalia,0.00,0.00,0.00,0.00,0.00,0.00,0.00,0.00,0.00,0.00,0.00,0.00,0.00,0.00,0.00,0.00,0.00,0.00,0.00,0.00,0.00,0.00,0.00,0.00,0.00,0.00,0.00,0.00,0.00,0.00,0.00,0.00,0.00,0.00,0.00,0.00,0.00,0.00,0.00,0.00,0.00,0.00,0.00,0.00,0.00,0.00,0.00
South Africa,#VALUE!,#VALUE!,#VALUE!,#VALUE!,#VALUE!,#VALUE!,#VALUE!,#VALUE!,#VALUE!,#VALUE!,#VALUE!,#VALUE!,#VALUE!,#VALUE!,#VALUE!,#VALUE!,#VALUE!,#VALUE!,#VALUE!,#VALUE!,34.39,30.66,28.74,44.56,58.17,72.59,75.00,81.26,82.32,94.25,118.02,128.72,124.32,115.89,111.77,104.57,96.75,113.86,122.20,123.00,121.17,125.41,126.05,126.88,129.82,134.09,144.82
South Sudan,#VALUE!,#VALUE!,#VALUE!,#VALUE!,#VALUE!,#VALUE!,#VALUE!,#VALUE!,#VALUE!,#VALUE!,#VALUE!,#VALUE!,#VALUE!,#VALUE!,#VALUE!,#VALUE!,#VALUE!,#VALUE!,#VALUE!,#VALUE!,#VALUE!,#VALUE!,#VALUE!,#VALUE!,#VALUE!,#VALUE!,#VALUE!,#VALUE!,#VALUE!,#VALUE!,#VALUE!,3.61,3.56,3.79,5.50,5.14,1.71,1.15,1.52,1.94,1.58,1.85,2.10,2.05,2.05,2.22,2.39
Spain,71.71,65.97,70.91,63.88,65.11,74.38,102.36,126.26,149.02,170.31,226.46,252.79,284.45,252.08,245.06,278.85,283.13,251.86,260.96,260.83,234.11,241.17,273.65,348.16,414.80,444.21,484.47,578.69,676.22,688.77,655.19,683.30,644.98,621.10,618.77,524.81,523.13,540.55,592.67,586.04,667.98,740.98,739.25,755.61,772.43,769.90,789.01
Sri Lanka,#VALUE!,#VALUE!,#VALUE!,#VALUE!,#VALUE!,#VALUE!,#VALUE!,#VALUE!,#VALUE!,#VALUE!,2.48,2.83,2.66,2.86,3.43,3.75,3.83,3.97,4.07,3.93,4.35,4.31,4.21,4.32,4.71,5.82,6.86,7.61,9.20,10.45,11.32,12.96,12.19,12.78,14.16,16.40,16.03,16.88,16.57,17.49,17.35,17.88,18.71,19.16,20.35,21.37,22.60
St. Kitts and Nevis,0.03,0.02,0.02,0.02,0.02,0.03,0.03,0.05,0.05,0.04,0.04,0.04,0.04,0.05,0.06,0.07,0.08,0.09,0.11,0.13,0.15,0.14,0.17,0.14,0.17,0.19,0.21,0.22,0.23,0.24,0.26,0.25,0.23,0.26,0.28,0.28,0.27,0.29,0.39,0.43,0.32,0.32,0.31,0.32,0.34,0.35,0.37
St. Lucia,#VALUE!,#VALUE!,#VALUE!,#VALUE!,#VALUE!,0.06,0.07,0.08,0.08,0.09,0.10,0.11,0.13,0.15,0.14,0.15,0.15,0.16,0.17,0.20,0.20,0.20,0.21,0.23,0.24,0.29,0.31,0.29,0.32,0.34,0.38,0.42,0.44,0.42,0.41,0.43,0.42,0.46,0.48,0.53,0.51,0.49,0.53,0.52,0.53,0.54,0.55
St. Vincent and the Grenadines,0.02,0.03,0.03,0.03,0.03,0.03,0.04,0.05,0.05,0.06,0.06,0.07,0.08,0.07,0.07,0.07,0.08,0.10,0.10,0.11,0.10,0.11,0.13,0.13,0.14,0.15,0.17,0.19,0.21,0.22,0.22,0.21,0.19,0.23,0.23,0.22,0.22,0.24,0.24,0.27,0.29,0.31,0.34,0.35,0.34,0.34,0.35
Sudan,#VALUE!,#VALUE!,#VALUE!,#VALUE!,#VALUE!,#VALUE!,#VALUE!,#VALUE!,#VALUE!,#VALUE!,0.70,1.16,1.56,1.24,1.17,0.86,0.78,0.76,0.85,0.90,1.36,1.55,1.91,2.68,4.40,6.95,8.52,11.64,12.78,10.28,11.40,12.12,8.07,8.10,8.20,7.99,6.47,6.26,6.01,6.26,3.70,5.09,4.45,4.49,4.54,4.76,4.92
Suriname,#VALUE!,#VALUE!,#VALUE!,#VALUE!,#VALUE!,#VALUE!,#VALUE!,#VALUE!,#VALUE!,#VALUE!,0.13,0.17,0.14,0.10,0.10,0.20,0.26,0.28,0.48,0.26,0.33,0.25,0.33,0.33,0.42,0.53,0.62,0.71,0.78,1.00,0.98,1.00,1.42,1.48,1.53,1.49,0.90,0.98,1.05,1.65,0.95,1.06,0.96,0.95,0.96,0.98,1.01
Sweden,83.29,79.30,72.21,65.93,65.75,70.07,89.80,105.29,116.29,122.47,149.02,166.16,187.65,144.27,149.11,165.73,175.12,155.16,150.51,151.27,137.19,125.22,140.57,176.64,197.69,201.13,211.42,237.42,253.74,223.52,244.61,279.13,275.10,296.59,289.06,244.42,251.53,261.05,270.90,256.46,285.27,326.96,333.88,342.39,358.36,375.10,394.58
Switzerland,#VALUE!,#VALUE!,#VALUE!,33.21,31.21,31.17,44.52,55.38,60.95,57.69,73.47,79.27,87.53,88.28,97.89,114.53,112.15,97.08,99.08,98.92,90.01,90.59,105.51,120.34,133.35,135.44,134.85,144.57,169.89,175.86,188.11,225.07,217.28,229.90,233.79,225.33,223.08,225.60,230.39,230.65,271.05,301.66,294.18,299.61,313.93,326.11,343.26
Syria,#VALUE!,#VALUE!,#VALUE!,#VALUE!,#VALUE!,#VALUE!,#VALUE!,#VALUE!,#VALUE!,#VALUE!,3.48,4.36,4.53,4.06,4.57,4.93,4.92,4.80,4.65,4.70,5.44,5.87,6.48,7.08,7.90,8.14,8.91,10.41,12.07,14.42,17.20,#VALUE!,#VALUE!,#VALUE!,#VALUE!,#VALUE!,#VALUE!,#VALUE!,#VALUE!,#VALUE!,#VALUE!,#VALUE!,#VALUE!,#VALUE!,#VALUE!,#VALUE!,#VALUE!
Taiwan Province of China,10.49,12.43,13.00,12.52,13.99,14.90,16.78,22.25,28.88,49.79,47.33,56.45,65.11,68.29,72.68,77.73,79.29,82.06,76.04,69.25,106.79,72.82,67.82,70.37,73.70,78.27,75.33,77.39,82.15,88.16,89.47,97.78,99.76,99.18,97.19,92.97,95.15,102.39,105.81,105.67,127.29,135.43,137.66,140.26,145.59,150.39,154.17
Tajikistan,#VALUE!,#VALUE!,#VALUE!,#VALUE!,#VALUE!,#VALUE!,#VALUE!,#VALUE!,#VALUE!,#VALUE!,#VALUE!,#VALUE!,#VALUE!,#VALUE!,#VALUE!,#VALUE!,#VALUE!,#VALUE!,0.22,0.19,0.19,0.19,0.23,0.30,0.42,0.53,0.62,1.04,1.40,1.43,1.47,1.76,1.86,2.37,2.64,2.51,2.71,2.55,2.40,2.39,2.37,2.41,2.50,2.66,2.82,2.99,3.16
Tanzania,#VALUE!,#VALUE!,#VALUE!,#VALUE!,#VALUE!,#VALUE!,#VALUE!,#VALUE!,#VALUE!,#VALUE!,#VALUE!,0.85,0.98,0.85,0.92,0.99,1.06,1.20,1.31,1.50,1.52,1.56,1.79,2.18,2.65,3.15,3.32,3.89,5.06,5.76,6.29,6.43,7.73,8.61,8.64,8.13,8.42,8.82,9.42,9.96,10.07,10.37,11.38,12.41,13.34,14.25,15.32
Thailand,#VALUE!,#VALUE!,#VALUE!,#VALUE!,#VALUE!,#VALUE!,#VALUE!,#VALUE!,#VALUE!,#VALUE!,#VALUE!,#VALUE!,#VALUE!,#VALUE!,#VALUE!,29.08,32.88,32.49,27.19,33.50,24.40,25.01,34.50,27.82,33.39,37.02,41.52,52.60,55.94,61.13,75.03,78.31,88.50,90.95,90.38,88.98,88.28,98.25,108.15,118.70,127.01,139.76,133.43,141.33,147.56,154.73,162.41
Timor-Leste,#VALUE!,#VALUE!,#VALUE!,#VALUE!,#VALUE!,#VALUE!,#VALUE!,#VALUE!,#VALUE!,#VALUE!,#VALUE!,#VALUE!,#VALUE!,#VALUE!,#VALUE!,#VALUE!,#VALUE!,#VALUE!,#VALUE!,#VALUE!,#VALUE!,0.46,0.44,0.39,0.33,0.27,0.27,0.41,0.79,0.89,1.07,1.39,1.50,1.34,1.61,1.56,1.84,1.38,1.35,1.40,1.32,1.51,1.92,1.91,1.75,1.77,1.84
Togo,#VALUE!,#VALUE!,#VALUE!,#VALUE!,#VALUE!,#VALUE!,#VALUE!,#VALUE!,#VALUE!,0.39,0.47,0.40,0.36,0.32,0.22,0.28,0.30,0.26,0.30,0.28,0.24,0.22,0.19,0.25,0.32,0.41,0.47,0.51,0.57,0.67,0.72,0.99,1.03,1.15,1.26,1.28,1.39,1.04,1.32,1.16,1.74,1.99,2.02,2.11,2.34,2.58,2.84
Tonga,#VALUE!,#VALUE!,#VALUE!,#VALUE!,#VALUE!,#VALUE!,#VALUE!,#VALUE!,#VALUE!,#VALUE!,#VALUE!,#VALUE!,#VALUE!,#VALUE!,#VALUE!,#VALUE!,#VALUE!,#VALUE!,#VALUE!,0.04,0.04,0.03,0.04,0.04,0.04,0.05,0.07,0.07,0.08,0.07,0.10,0.14,0.14,0.15,0.14,0.16,0.16,0.18,0.19,0.20,0.21,0.22,0.23,0.24,0.25,0.26,0.27
Trinidad and Tobago,#VALUE!,#VALUE!,#VALUE!,#VALUE!,#VALUE!,#VALUE!,#VALUE!,#VALUE!,2.07,1.36,1.44,1.62,1.59,1.27,1.33,1.45,1.65,1.60,1.68,1.72,2.00,2.26,2.25,2.69,3.14,4.51,6.08,5.89,7.96,6.53,7.10,7.84,8.01,9.08,9.68,9.14,7.42,7.36,7.31,7.27,7.38,7.34,7.50,7.64,7.79,7.96,8.11
Tunisia,#VALUE!,#VALUE!,#VALUE!,#VALUE!,#VALUE!,#VALUE!,#VALUE!,#VALUE!,#VALUE!,#VALUE!,#VALUE!,4.12,4.58,4.46,4.64,5.48,5.96,5.34,5.53,5.78,5.42,5.55,5.86,6.76,7.53,7.80,8.24,9.52,11.13,11.23,11.09,13.42,13.41,14.99,13.92,12.56,12.07,12.11,12.24,12.38,14.82,16.04,15.81,16.34,16.76,17.26,17.81
Turkey,#VALUE!,#VALUE!,#VALUE!,#VALUE!,#VALUE!,#VALUE!,#VALUE!,#VALUE!,#VALUE!,#VALUE!,#VALUE!,#VALUE!,#VALUE!,#VALUE!,#VALUE!,#VALUE!,#VALUE!,#VALUE!,#VALUE!,#VALUE!,108.29,89.06,98.51,120.95,141.39,162.55,188.90,227.59,263.55,245.82,278.50,277.74,300.58,324.94,310.31,286.84,302.88,286.64,269.86,272.20,249.20,269.81,299.86,329.83,360.59,397.33,437.89
Turkmenistan,#VALUE!,#VALUE!,#VALUE!,#VALUE!,#VALUE!,#VALUE!,#VALUE!,#VALUE!,#VALUE!,#VALUE!,#VALUE!,#VALUE!,#VALUE!,#VALUE!,#VALUE!,#VALUE!,#VALUE!,0.67,0.70,0.75,1.21,1.46,1.57,2.21,2.68,3.38,3.20,3.49,2.34,2.71,3.11,4.27,5.16,6.62,7.40,6.20,5.11,6.74,5.60,6.13,6.10,6.45,6.99,7.38,7.81,8.28,8.79
Tuvalu,#VALUE!,#VALUE!,#VALUE!,#VALUE!,#VALUE!,#VALUE!,#VALUE!,#VALUE!,#VALUE!,#VALUE!,#VALUE!,#VALUE!,#VALUE!,#VALUE!,#VALUE!,#VALUE!,#VALUE!,#VALUE!,#VALUE!,#VALUE!,#VALUE!,#VALUE!,#VALUE!,#VALUE!,0.02,0.02,0.02,0.03,0.03,0.03,0.03,0.03,0.03,0.03,0.04,0.04,0.05,0.05,0.06,0.06,0.06,0.08,0.07,0.08,0.08,0.09,0.09
Uganda,#VALUE!,#VALUE!,#VALUE!,#VALUE!,#VALUE!,#VALUE!,#VALUE!,#VALUE!,#VALUE!,#VALUE!,#VALUE!,#VALUE!,#VALUE!,#VALUE!,#VALUE!,#VALUE!,#VALUE!,1.17,1.15,1.15,1.18,1.27,1.41,1.44,1.68,1.80,1.93,2.32,2.90,2.83,3.81,3.62,4.06,4.30,4.49,4.18,4.72,4.86,5.53,6.95,7.96,8.12,8.45,8.60,9.18,10.34,11.63
Ukraine,#VALUE!,#VALUE!,#VALUE!,#VALUE!,#VALUE!,#VALUE!,#VALUE!,#VALUE!,#VALUE!,#VALUE!,#VALUE!,#VALUE!,#VALUE!,#VALUE!,#VALUE!,15.80,17.00,21.17,16.06,8.44,11.47,13.89,16.04,19.48,26.95,38.01,48.05,62.54,85.42,56.93,66.85,74.56,86.05,86.39,58.46,38.95,37.84,46.51,54.62,63.79,71.40,71.96,75.76,79.90,86.32,93.65,101.79
United Arab Emirates,#VALUE!,#VALUE!,#VALUE!,#VALUE!,#VALUE!,#VALUE!,#VALUE!,#VALUE!,#VALUE!,#VALUE!,#VALUE!,17.73,15.36,16.42,17.29,16.58,20.11,17.40,19.46,20.50,22.44,26.06,23.43,24.93,26.18,28.44,34.71,45.54,69.25,88.73,93.40,109.31,109.16,118.31,133.55,115.89,113.12,116.60,122.02,127.26,113.42,123.59,123.11,123.70,125.14,127.60,130.64
United Kingdom,236.50,243.99,228.95,214.19,203.61,211.82,250.41,296.80,339.03,339.34,417.95,446.97,488.74,437.39,465.89,505.86,506.15,542.84,568.57,572.57,566.30,571.15,640.82,763.19,918.44,977.64,1040.00,1192.13,1210.16,1079.58,1111.85,1160.45,1181.68,1168.89,1262.55,1182.00,1069.46,1046.16,1115.90,1101.28,1362.89,1483.40,1418.92,1443.99,1508.63,1582.43,1659.40
United States,#VALUE!,#VALUE!,#VALUE!,#VALUE!,#VALUE!,#VALUE!,#VALUE!,#VALUE!,#VALUE!,#VALUE!,#VALUE!,#VALUE!,#VALUE!,#VALUE!,#VALUE!,#VALUE!,#VALUE!,#VALUE!,#VALUE!,#VALUE!,#VALUE!,3470.84,3683.29,3899.59,4119.20,4423.46,4654.14,5001.94,5485.82,5993.56,5983.33,6045.29,6032.27,6037.17,6218.85,6409.30,6653.39,6908.83,7301.34,7647.59,9666.53,10213.40,8960.34,8942.17,9233.12,9657.27,10060.46
Uruguay,#VALUE!,#VALUE!,#VALUE!,#VALUE!,#VALUE!,#VALUE!,#VALUE!,#VALUE!,#VALUE!,#VALUE!,#VALUE!,#VALUE!,#VALUE!,#VALUE!,#VALUE!,#VALUE!,#VALUE!,#VALUE!,#VALUE!,7.13,6.62,6.34,4.10,3.65,3.98,4.99,5.74,6.85,8.71,9.39,12.04,13.78,15.48,18.09,18.17,16.48,17.04,19.30,19.88,19.23,18.54,17.59,18.23,18.80,19.48,20.30,21.14
Uzbekistan,#VALUE!,#VALUE!,#VALUE!,#VALUE!,#VALUE!,#VALUE!,#VALUE!,#VALUE!,#VALUE!,#VALUE!,#VALUE!,#VALUE!,0.81,2.73,2.22,3.75,6.12,5.87,6.58,7.19,5.65,4.46,4.19,4.00,4.42,5.04,5.27,6.94,9.50,11.52,13.14,14.24,16.16,18.46,20.10,21.04,19.96,13.63,13.12,16.35,17.24,17.95,19.47,21.44,23.87,26.35,29.86
Vanuatu,#VALUE!,#VALUE!,#VALUE!,#VALUE!,#VALUE!,#VALUE!,#VALUE!,#VALUE!,#VALUE!,#VALUE!,#VALUE!,0.07,0.07,0.05,0.06,0.07,0.06,0.06,0.07,0.06,0.07,0.06,0.06,0.06,0.07,0.07,0.09,0.12,0.16,0.16,0.18,0.19,0.18,0.17,0.22,0.33,0.31,0.33,0.30,0.35,0.45,0.40,0.37,0.37,0.38,0.40,0.42
Venezuela,#VALUE!,#VALUE!,#VALUE!,#VALUE!,#VALUE!,#VALUE!,#VALUE!,#VALUE!,20.05,14.53,15.45,18.09,18.51,16.56,24.64,25.45,19.56,26.55,26.44,25.46,33.27,39.27,29.52,26.93,35.82,48.07,70.10,83.71,107.00,89.37,98.98,138.76,141.88,102.73,102.15,98.09,70.23,54.23,47.65,13.66,5.16,#VALUE!,#VALUE!,#VALUE!,#VALUE!,#VALUE!,#VALUE!
Vietnam,#VALUE!,#VALUE!,#VALUE!,#VALUE!,#VALUE!,#VALUE!,#VALUE!,#VALUE!,#VALUE!,#VALUE!,#VALUE!,#VALUE!,#VALUE!,#VALUE!,#VALUE!,#VALUE!,#VALUE!,#VALUE!,5.54,6.09,7.04,7.93,8.80,11.15,12.22,15.10,17.31,21.95,26.68,32.23,33.98,36.37,45.80,52.03,52.99,57.25,56.06,59.65,62.36,75.26,73.57,73.22,80.05,87.83,96.65,105.75,115.62
West Bank and Gaza,#VALUE!,#VALUE!,#VALUE!,#VALUE!,#VALUE!,#VALUE!,#VALUE!,#VALUE!,#VALUE!,#VALUE!,#VALUE!,#VALUE!,#VALUE!,#VALUE!,#VALUE!,#VALUE!,#VALUE!,#VALUE!,#VALUE!,#VALUE!,#VALUE!,#VALUE!,#VALUE!,#VALUE!,#VALUE!,#VALUE!,#VALUE!,#VALUE!,#VALUE!,3.62,3.37,3.73,3.77,3.88,4.33,4.21,4.54,4.74,4.41,4.64,5.00,4.97,5.13,5.40,5.65,5.89,6.15
Yemen,#VALUE!,#VALUE!,#VALUE!,#VALUE!,#VALUE!,#VALUE!,#VALUE!,#VALUE!,#VALUE!,#VALUE!,3.37,3.63,4.42,5.60,7.06,3.09,1.99,2.34,2.17,2.16,3.07,3.00,3.29,4.16,4.74,6.15,7.12,8.74,11.10,8.85,9.33,9.77,12.82,12.45,12.01,8.25,4.97,2.24,3.35,3.12,3.08,2.75,2.96,3.95,4.85,5.20,5.65
Zambia,#VALUE!,#VALUE!,#VALUE!,#VALUE!,#VALUE!,#VALUE!,#VALUE!,#VALUE!,#VALUE!,#VALUE!,#VALUE!,#VALUE!,#VALUE!,#VALUE!,#VALUE!,#VALUE!,#VALUE!,#VALUE!,#VALUE!,#VALUE!,0.77,1.14,1.16,1.34,1.45,1.87,2.51,2.80,3.49,2.73,3.66,4.58,5.49,6.68,6.70,6.01,5.10,6.48,7.33,7.04,6.30,5.39,4.98,4.58,4.18,3.72,3.30
Zimbabwe,#VALUE!,#VALUE!,#VALUE!,#VALUE!,#VALUE!,#VALUE!,#VALUE!,#VALUE!,#VALUE!,#VALUE!,#VALUE!,#VALUE!,#VALUE!,#VALUE!,#VALUE!,#VALUE!,#VALUE!,#VALUE!,#VALUE!,#VALUE!,#VALUE!,#VALUE!,#VALUE!,#VALUE!,#VALUE!,1.42,0.70,0.40,0.25,1.14,2.18,3.28,3.49,3.99,3.99,4.10,4.69,4.90,3.68,3.01,3.29,4.59,5.16,5.15,5.18,5.33,5.53
